origin,type,censored
https://github.com/microsoft/nlp-recipes,git,1
https://gitlab.com/mike01/pypacker.git,git,1
https://pypi.org/project/psycopg2/,pypi,1
https://github.com/guohongze/adminset,git,0
https://pypi.org/project/google-api-python-client/,pypi,1
https://gitlab.com/pycqa/pydocstyle.git,git,1
https://github.com/flask-restful/flask-restful,git,1
https://github.com/encode/httpx,git,1
https://pypi.org/project/Twisted/,pypi,1
https://github.com/GoogleCloudPlatform/python-docs-samples,git,1
https://gitlab.com/bscipio/pipscript.git,git,0
https://github.com/OpenNMT/OpenNMT-py,git,0
https://pypi.org/project/pytest-cov/,pypi,1
https://github.com/Gerapy/Gerapy,git,1
https://github.com/facebookresearch/detectron2,git,1
https://github.com/crypto101/book,git,1
https://pypi.org/project/google-cloud-spanner/,pypi,1
https://pypi.org/project/simplejson/,pypi,0
https://pypi.org/project/azure-identity/,pypi,1
https://github.com/pytorch/ignite,git,1
https://pypi.org/project/ccxt/,pypi,1
https://github.com/graphql-python/graphene,git,1
https://pypi.org/project/pyzmq/,pypi,1
https://pypi.org/project/hyperlink/,pypi,1
https://github.com/ytdl-org/youtube-dl,git,1
https://github.com/UKPLab/sentence-transformers,git,1
https://github.com/toml-lang/toml,git,1
https://pypi.org/project/notebook/,pypi,1
https://github.com/Dman95/SASM,git,1
https://gitlab.com/oskog97/anonymine.git,git,0
https://pypi.org/project/grpcio/,pypi,1
https://github.com/awslabs/aws-shell,git,1
https://github.com/formspree/formspree,git,0
deb://Debian/packages/asciinema,deb,0
https://pypi.org/project/pytest-xdist/,pypi,1
https://github.com/public-api-lists/public-api-lists,git,1
https://pypi.org/project/instana/,pypi,1
https://github.com/lazyprogrammer/machine_learning_examples,git,1
https://github.com/pallets/flask,git,1
https://github.com/thearn/webcam-pulse-detector,git,0
https://github.com/JonathanSalwan/ROPgadget,git,1
https://pypi.org/project/Telethon/,pypi,1
https://github.com/Gallopsled/pwntools,git,1
https://github.com/mesonbuild/meson,git,1
https://github.com/etianen/django-reversion,git,1
https://github.com/pytest-dev/pytest,git,1
https://github.com/jarun/googler,git,1
https://gitlab.com/pycqa/pycodestyle.git,git,1
https://github.com/ansible/ansible,git,1
https://github.com/thumbor/thumbor,git,1
https://pypi.org/project/SQLAlchemy-Utils/,pypi,1
https://github.com/mps-youtube/mps-youtube,git,1
https://github.com/agronholm/apscheduler,git,1
https://pypi.org/project/gensim/,pypi,0
https://pypi.org/project/dill/,pypi,1
https://github.com/iterative/dvc,git,0
https://github.com/pytorch/captum,git,1
https://github.com/luyishisi/Anti-Anti-Spider,git,1
https://github.com/swisskyrepo/PayloadsAllTheThings,git,0
https://pypi.org/project/arrow/,pypi,1
https://pypi.org/project/azure-mgmt-cosmosdb/,pypi,1
https://pypi.org/project/redis-py-cluster/,pypi,1
https://pypi.org/project/deprecation/,pypi,0
https://github.com/belluzj/fantasque-sans,git,0
https://github.com/python/typeshed,git,1
https://github.com/lancopku/pkuseg-python,git,1
https://github.com/docker/docker-py,git,1
https://github.com/facebookresearch/maskrcnn-benchmark,git,0
https://github.com/google/seq2seq,git,0
https://github.com/scipy-lectures/scipy-lecture-notes,git,1
https://github.com/0xAX/linux-insides,git,1
https://github.com/Netflix/flamescope,git,1
https://github.com/androguard/androguard,git,1
https://pypi.org/project/google-cloud-storage/,pypi,1
https://gitlab.com/Chvarkov/json_serializer.git,git,0
https://github.com/yenchenlin/DeepLearningFlappyBird,git,0
https://github.com/EnableSecurity/wafw00f,git,1
https://pypi.org/project/msgpack-python/,pypi,0
https://github.com/s0md3v/Photon,git,1
https://pypi.org/project/lxml/,pypi,1
https://pypi.org/project/diskcache/,pypi,1
https://github.com/aws/serverless-application-model,git,1
https://github.com/guelfoweb/knock,git,0
https://pypi.org/project/azure-devops/,pypi,1
https://github.com/sympy/sympy,git,1
https://gitlab.com/Snuggle/hypixel.py.git,git,0
https://gitlab.com/mindfulness-at-the-computer/mindfulness-at-the-computer.git,git,0
https://pypi.org/project/fastapi/,pypi,1
https://github.com/awesto/django-shop,git,1
https://github.com/facebookresearch/ParlAI,git,1
https://pypi.org/project/wasabi/,pypi,1
https://github.com/FactoryBoy/factory_boy,git,1
deb://Debian/packages/schroot,deb,1
https://github.com/KevinMusgrave/pytorch-metric-learning,git,1
https://github.com/rossant/awesome-math,git,0
https://pypi.org/project/graphviz/,pypi,1
https://github.com/pyro-ppl/pyro,git,1
https://github.com/lisa-lab/DeepLearningTutorials,git,0
https://pypi.org/project/pypandoc/,pypi,1
https://gitlab.com/asciidoc3/asciidoc3.git,git,1
https://github.com/nccgroup/ScoutSuite,git,1
https://github.com/s3tools/s3cmd,git,1
https://github.com/xinntao/BasicSR,git,0
deb://Debian/packages/python-mistralclient,deb,1
https://github.com/emre/storm,git,0
https://pypi.org/project/Cython/,pypi,1
https://github.com/corna/me_cleaner,git,0
https://github.com/conan-io/conan,git,1
https://github.com/automl/auto-sklearn,git,1
https://github.com/benfred/implicit,git,1
https://gitlab.com/katrino/peaberry.git,git,0
https://gitlab.com/equake/aws-spot-fleet-helper.git,git,0
https://github.com/pytorch/tutorials,git,1
https://github.com/fossasia/open-event-server,git,0
https://github.com/houtianze/bypy,git,1
https://pypi.org/project/JayDeBeApi/,pypi,1
https://github.com/zeromq/pyzmq,git,1
https://github.com/hack4impact/flask-base,git,1
https://pypi.org/project/pytest-metadata/,pypi,0
https://pypi.org/project/jupyter-core/,pypi,1
https://gitlab.com/ldo/python_freetype.git,git,1
https://github.com/paralax/awesome-honeypots,git,0
deb://Debian/packages/python-zake,deb,0
https://github.com/JuanPotato/Legofy,git,0
deb://Debian/packages/goobook,deb,1
https://gitlab.com/librespacefoundation/satnogs/satnogs-db.git,git,1
https://pypi.org/project/boto3/,pypi,1
deb://Debian/packages/tryton-modules-project,deb,1
https://github.com/seatgeek/fuzzywuzzy,git,1
https://github.com/Fewbytes/rubber-docker,git,0
https://github.com/IDSIA/sacred,git,1
https://github.com/kemayo/sublime-text-git,git,0
https://pypi.org/project/pipenv/,pypi,1
https://gitlab.com/pycqa/baron.git,git,1
https://github.com/minimaxir/big-list-of-naughty-strings,git,1
https://pypi.org/project/azure-mgmt-marketplaceordering/,pypi,0
https://github.com/PyQt5/PyQt,git,1
https://github.com/OWASP/CheatSheetSeries,git,1
https://pypi.org/project/pytz/,pypi,1
https://github.com/Urinx/WeixinBot,git,0
https://github.com/openatx/uiautomator2,git,1
deb://Debian/packages/python-jenkins,deb,0
https://pypi.org/project/coverage/,pypi,1
https://gitlab.com/painless-software/painless-continuous-delivery.git,git,1
https://pypi.org/project/matplotlib/,pypi,1
https://gitlab.com/nobodyinperson/simbuto.git,git,0
https://github.com/secdev/scapy,git,1
https://pypi.org/project/imbalanced-learn/,pypi,1
https://pypi.org/project/pyodbc/,pypi,1
https://github.com/google-research/bert,git,1
deb://Debian/packages/electrum,deb,0
https://pypi.org/project/tox/,pypi,1
https://pypi.org/project/docutils/,pypi,1
https://gitlab.com/librespacefoundation/satnogs/satnogs-network.git,git,1
deb://Debian/packages/python-oslo.rootwrap,deb,1
https://github.com/keras-team/autokeras,git,1
https://github.com/jhao104/proxy_pool,git,1
https://github.com/numenta/nupic,git,1
https://github.com/doccano/doccano,git,1
https://github.com/arrow-py/arrow,git,1
https://github.com/Zulko/moviepy,git,1
https://github.com/snare/voltron,git,1
https://github.com/shimohq/chinese-programmer-wrong-pronunciation,git,0
https://github.com/lebinh/ngxtop,git,0
https://pypi.org/project/unittest-xml-reporting/,pypi,1
https://pypi.org/project/jsonschema/,pypi,0
https://pypi.org/project/WTForms/,pypi,1
https://gitlab.com/lambdait/slack-vk-bot.git,git,0
https://pypi.org/project/structlog/,pypi,1
deb://Debian/packages/xcircuit,deb,0
https://pypi.org/project/sympy/,pypi,1
https://pypi.org/project/enum34/,pypi,1
https://pypi.org/project/QtPy/,pypi,0
https://pypi.org/project/pycairo/,pypi,1
https://pypi.org/project/Flask-OpenID/,pypi,0
https://pypi.org/project/freezegun/,pypi,1
deb://Debian/packages/onioncircuits,deb,1
https://pypi.org/project/pkginfo/,pypi,1
https://pypi.org/project/dacite/,pypi,1
https://pypi.org/project/python-keystoneclient/,pypi,1
https://pypi.org/project/tenacity/,pypi,1
https://pypi.org/project/validators/,pypi,1
https://pypi.org/project/azure-mgmt-recoveryservicesbackup/,pypi,1
https://pypi.org/project/ua-parser/,pypi,1
https://github.com/1adrianb/face-alignment,git,0
https://github.com/NVIDIA/vid2vid,git,0
https://gitlab.com/crowdcontrol/crowdcontrol.git,git,1
deb://Debian/packages/wxglade,deb,1
https://pypi.org/project/debugpy/,pypi,1
https://pypi.org/project/lime/,pypi,1
https://gitlab.com/ezdoo/odoo_ezdoo.git,git,0
https://pypi.org/project/sh/,pypi,1
https://pypi.org/project/distribute/,pypi,0
deb://Debian/packages/python-dogpile.cache,deb,1
https://pypi.org/project/Rx/,pypi,1
https://pypi.org/project/Send2Trash/,pypi,0
deb://Debian/packages/tryton-modules-sale-opportunity,deb,1
deb://Debian/packages/tryton-modules-product,deb,1
https://github.com/misterch0c/shadowbroker,git,0
https://gitlab.com/foundry-in-a-box/fib.git,git,0
https://pypi.org/project/oslo.i18n/,pypi,1
https://pypi.org/project/Unidecode/,pypi,0
https://pypi.org/project/futures/,pypi,0
deb://Debian/packages/lilypond,deb,1
deb://Debian/packages/tryton-server,deb,1
deb://Debian/packages/alacarte,deb,1
https://pypi.org/project/ephem/,pypi,1
https://pypi.org/project/pbr/,pypi,1
https://pypi.org/project/async-timeout/,pypi,1
https://pypi.org/project/setuptools-scm/,pypi,1
https://pypi.org/project/iso8601/,pypi,0
https://pypi.org/project/user-agents/,pypi,1
deb://Debian/packages/pylint,deb,1
https://pypi.org/project/numba/,pypi,1
deb://Debian/packages/tryton-modules-analytic-purchase,deb,1
https://gitlab.com/osechet/pythontools.git,git,0
deb://Debian/packages/pyosmium,deb,1
https://pypi.org/project/cachetools/,pypi,1
deb://Debian/packages/tryton-modules-account-asset,deb,1
https://pypi.org/project/lz4/,pypi,0
https://pypi.org/project/beautifulsoup4/,pypi,1
https://pypi.org/project/html5lib/,pypi,1
https://pypi.org/project/murmurhash/,pypi,0
https://pypi.org/project/pg8000/,pypi,1
https://pypi.org/project/networkx/,pypi,1
https://github.com/iGhibli/iOS-DeviceSupport,git,1
https://github.com/detailyang/awesome-cheatsheet,git,0
deb://Debian/packages/unattended-upgrades,deb,1
https://pypi.org/project/curlify/,pypi,0
deb://Debian/packages/glances,deb,1
https://github.com/commaai/research,git,0
https://pypi.org/project/azure-mgmt-sql/,pypi,1
deb://Debian/packages/dot2tex,deb,1
deb://Debian/packages/subversion,deb,1
deb://Debian/packages/monajat,deb,0
https://pypi.org/project/statsd/,pypi,0
deb://Debian/packages/mftrace,deb,1
deb://Debian/packages/python-fuse,deb,1
https://pypi.org/project/sortedcontainers/,pypi,1
https://pypi.org/project/pyperclip/,pypi,1
https://pypi.org/project/idna/,pypi,1
https://pypi.org/project/ansible/,pypi,1
https://pypi.org/project/httplib2/,pypi,1
deb://Debian/packages/rapid-photo-downloader,deb,1
deb://Debian/packages/congruity,deb,0
https://pypi.org/project/requests-toolbelt/,pypi,0
deb://Debian/packages/meson,deb,1
https://pypi.org/project/cattrs/,pypi,1
deb://Debian/packages/python-xstatic-font-awesome,deb,0
https://pypi.org/project/rfc3986/,pypi,1
https://github.com/taki0112/Tensorflow-Cookbook,git,1
https://pypi.org/project/mlflow/,pypi,1
https://pypi.org/project/datadog/,pypi,1
https://pypi.org/project/more-itertools/,pypi,1
https://pypi.org/project/azure-keyvault/,pypi,1
deb://Debian/packages/tryton-modules-stock-supply,deb,1
https://pypi.org/project/cfgv/,pypi,1
https://pypi.org/project/google-pasta/,pypi,1
deb://Debian/packages/pybtex,deb,1
https://pypi.org/project/motor/,pypi,1
deb://Debian/packages/python-barbicanclient,deb,1
https://pypi.org/project/pyrsistent/,pypi,1
https://pypi.org/project/rsa/,pypi,1
deb://Debian/packages/python-xstatic-bootswatch,deb,0
https://pypi.org/project/tblib/,pypi,1
https://pypi.org/project/google-cloud-pubsub/,pypi,1
https://pypi.org/project/ntlm-auth/,pypi,1
https://pypi.org/project/websockets/,pypi,0
deb://Debian/packages/rss2email,deb,1
https://pypi.org/project/future/,pypi,0
https://github.com/matplotlib/cheatsheets,git,1
deb://Debian/packages/python-launchpadlib,deb,1
https://github.com/p-e-w/maybe,git,0
deb://Debian/packages/ariba,deb,1
https://pypi.org/project/blessed/,pypi,1
deb://Debian/packages/python-misaka,deb,0
deb://Debian/packages/soundconverter,deb,1
deb://Debian/packages/pypy,deb,1
deb://Debian/packages/python-congressclient,deb,1
https://github.com/zihangdai/xlnet,git,0
https://pypi.org/project/pydata-google-auth/,pypi,1
https://pypi.org/project/html2text/,pypi,1
https://pypi.org/project/azure-mgmt-storage/,pypi,1
https://pypi.org/project/geopy/,pypi,1
deb://Debian/packages/lintian-brush,deb,1
deb://Debian/packages/quodlibet,deb,1
deb://Debian/packages/python-tooz,deb,1
deb://Debian/packages/python-mox3,deb,1
https://pypi.org/project/python-editor/,pypi,0
https://pypi.org/project/azure-mgmt-containerservice/,pypi,1
deb://Debian/packages/python-xattr,deb,1
https://pypi.org/project/google-auth-oauthlib/,pypi,0
deb://Debian/packages/gnome-sudoku,deb,1
deb://Debian/packages/python-openstacksdk,deb,1
https://gitlab.com/aurelien-lourot/importdir.git,git,0
https://pypi.org/project/azure-mgmt-cdn/,pypi,1
https://pypi.org/project/cloudpickle/,pypi,1
https://pypi.org/project/DateTime/,pypi,0
https://pypi.org/project/applicationinsights/,pypi,0
https://pypi.org/project/python3-openid/,pypi,1
deb://Debian/packages/tryton-modules-purchase-invoice-line-standalone,deb,1
https://pypi.org/project/astunparse/,pypi,0
https://pypi.org/project/xlwt/,pypi,0
https://pypi.org/project/sarif-om/,pypi,0
deb://Debian/packages/tryton-modules-account-be,deb,1
deb://Debian/packages/python-autobahn,deb,0
deb://Debian/packages/discus,deb,1
deb://Debian/packages/tryton-modules-party,deb,1
deb://Debian/packages/streamtuner2,deb,0
deb://Debian/packages/apt-listchanges,deb,1
deb://Debian/packages/python-json-pointer,deb,1
https://gitlab.com/pycqa/mccabe-console-script.git,git,0
deb://Debian/packages/d-feet,deb,1
https://pypi.org/project/distro/,pypi,1
deb://Debian/packages/python-doc8,deb,0
https://pypi.org/project/s3cmd/,pypi,1
deb://Debian/packages/pymacs,deb,1
https://pypi.org/project/retry/,pypi,0
https://pypi.org/project/lunardate/,pypi,0
https://pypi.org/project/greenlet/,pypi,0
deb://Debian/packages/python-nmap,deb,0
deb://Debian/packages/python-xvfbwrapper,deb,0
https://pypi.org/project/PyWavelets/,pypi,0
deb://Debian/packages/wiki2beamer,deb,1
https://gitlab.com/danvj/mygenes.git,git,0
https://pypi.org/project/Flask-Admin/,pypi,1
deb://Debian/packages/python-oslo.i18n,deb,1
deb://Debian/packages/renpy,deb,0
https://pypi.org/project/s3transfer/,pypi,1
https://github.com/vishnubob/wait-for-it,git,0
deb://Debian/packages/svn-load,deb,0
deb://Debian/packages/python-testscenarios,deb,0
deb://Debian/packages/ganeti-instance-debootstrap,deb,0
https://pypi.org/project/pathlib2/,pypi,0
https://pypi.org/project/jschema-to-python/,pypi,0
https://pypi.org/project/terminado/,pypi,1
deb://Debian/packages/python-pykmip,deb,1
deb://Debian/packages/ardentryst,deb,1
https://pypi.org/project/azure-servicemanagement-legacy/,pypi,1
https://pypi.org/project/emoji/,pypi,0
https://pypi.org/project/pytest-asyncio/,pypi,1
https://pypi.org/project/geomet/,pypi,1
deb://Debian/packages/tryton-modules-production-routing,deb,1
https://pypi.org/project/junit-xml/,pypi,0
https://pypi.org/project/cligj/,pypi,0
https://pypi.org/project/google-cloud-monitoring/,pypi,1
https://pypi.org/project/kazoo/,pypi,1
deb://Debian/packages/herculesstudio,deb,1
deb://Debian/packages/python-dib-utils,deb,0
https://pypi.org/project/azure-mgmt-datamigration/,pypi,1
deb://Debian/packages/monsterz,deb,1
deb://Debian/packages/dtrx,deb,1
deb://Debian/packages/debtags,deb,0
deb://Debian/packages/python-magic,deb,1
https://pypi.org/project/querystring-parser/,pypi,0
https://pypi.org/project/backcall/,pypi,1
deb://Debian/packages/python-hplefthandclient,deb,0
deb://Debian/packages/python-django-pyscss,deb,0
deb://Debian/packages/tryton-modules-project-plan,deb,1
deb://Debian/packages/python-xstatic-smart-table,deb,0
deb://Debian/packages/python-zaqarclient,deb,1
https://pypi.org/project/azure-eventhub/,pypi,1
deb://Debian/packages/python-tempita,deb,1
https://pypi.org/project/azure-keyvault-keys/,pypi,1
deb://Debian/packages/python-os-brick,deb,1
deb://Debian/packages/othman,deb,0
deb://Debian/packages/nik4,deb,1
https://gitlab.com/nxl4/igg.git,git,0
https://pypi.org/project/Keras-Preprocessing/,pypi,1
https://gitlab.com/ajeetdsouza/nerdfonts-python.git,git,0
deb://Debian/packages/nicovideo-dl,deb,0
deb://Debian/packages/python-wrapt,deb,1
https://pypi.org/project/fire/,pypi,1
deb://Debian/packages/python-oslotest,deb,1
deb://Debian/packages/tryton-modules-analytic-sale,deb,1
deb://Debian/packages/cssmin,deb,1
deb://Debian/packages/khmer,deb,1
https://pypi.org/project/click-didyoumean/,pypi,0
deb://Debian/packages/python-requests-unixsocket,deb,0
https://pypi.org/project/contextlib2/,pypi,0
https://pypi.org/project/azure-mgmt-datalake-nspkg/,pypi,0
deb://Debian/packages/python-nose-timer,deb,0
deb://Debian/packages/tryton-modules-purchase-request,deb,1
deb://Debian/packages/mklibs,deb,1
https://pypi.org/project/jupyterlab-pygments/,pypi,1
https://pypi.org/project/azure-cli-nspkg/,pypi,0
deb://Debian/packages/python-editor,deb,0
https://pypi.org/project/aiosignal/,pypi,1
deb://Debian/packages/python-pam,deb,1
deb://Debian/packages/cedar-backup3,deb,1
deb://Debian/packages/trimage,deb,0
https://pypi.org/project/hijri-converter/,pypi,1
deb://Debian/packages/tryton-modules-account,deb,1
https://pypi.org/project/threadpoolctl/,pypi,1
deb://Debian/packages/tryton-modules-account-product,deb,1
deb://Debian/packages/loggerhead,deb,0
https://pypi.org/project/jikanpy/,pypi,1
deb://Debian/packages/tryton-modules-sale-extra,deb,1
deb://Debian/packages/tryton-modules-account-stock-continental,deb,1
deb://Debian/packages/python-xstatic-rickshaw,deb,0
deb://Debian/packages/python-webob,deb,1
https://pypi.org/project/smdebug-rulesconfig/,pypi,1
https://pypi.org/project/jupyter/,pypi,0
deb://Debian/packages/python-mox,deb,1
deb://Debian/packages/turing,deb,1
deb://Debian/packages/python-restructuredtext-lint,deb,0
deb://Debian/packages/lfm,deb,0
deb://Debian/packages/sahara,deb,1
https://pypi.org/project/frozenlist/,pypi,1
deb://Debian/packages/labelme,deb,1
deb://Debian/packages/bambam,deb,1
deb://Debian/packages/caldav-tester,deb,1
https://pypi.org/project/opencensus-context/,pypi,1
deb://Debian/packages/python-linecache2,deb,1
deb://Debian/packages/python-xstatic-qunit,deb,0
https://pypi.org/project/sasl/,pypi,0
deb://Debian/packages/xmldiff,deb,0
deb://Debian/packages/sortsmill-tools,deb,0
https://pypi.org/project/azure-mgmt-relay/,pypi,1
https://github.com/django/django,git,0
deb://Debian/packages/python-osprofiler,deb,1
https://pypi.org/project/astroid/,pypi,1
https://github.com/google/grr,git,1
https://gitlab.com/eRogue/RLDevRLTut2018.git,git,0
https://github.com/hephaest0s/usbkill,git,0
https://github.com/Jack-Cherish/Machine-Learning,git,0
https://github.com/pallets/jinja,git,1
https://pypi.org/project/aniso8601/,pypi,1
https://github.com/albumentations-team/albumentations,git,1
https://github.com/jupyterhub/jupyterhub,git,1
https://github.com/deepmind/pysc2,git,0
https://pypi.org/project/distributed/,pypi,1
https://pypi.org/project/Automat/,pypi,1
https://github.com/OUCMachineLearning/OUCML,git,1
https://github.com/tensorlayer/srgan,git,1
deb://Debian/packages/tryton-modules-stock-lot-sled,deb,1
https://github.com/openstack/openstack,git,1
https://pypi.org/project/ordered-set/,pypi,1
https://gitlab.com/canarduck/disques.git,git,1
https://github.com/richzhang/colorization,git,1
https://github.com/lmacken/pyrasite,git,0
https://github.com/521xueweihan/HelloGitHub,git,0
https://pypi.org/project/autopep8/,pypi,1
https://pypi.org/project/WebOb/,pypi,1
https://github.com/hankcs/pyhanlp,git,1
https://github.com/roytseng-tw/Detectron.pytorch,git,0
https://github.com/deepmind/sonnet,git,1
https://github.com/nvdv/vprof,git,1
https://pypi.org/project/Django/,pypi,1
https://github.com/chriskiehl/Gooey,git,1
https://github.com/facebook/chisel,git,1
https://pypi.org/project/cfn-lint/,pypi,1
https://gitlab.com/kivymd/KivyMD.git,git,0
deb://Debian/packages/subdownloader,deb,1
deb://Debian/packages/gnome-boxes,deb,1
https://github.com/angr/angr,git,1
https://github.com/bojone/bert4keras,git,1
https://github.com/injetlee/Python,git,1
https://github.com/allanzelener/YAD2K,git,0
https://pypi.org/project/APScheduler/,pypi,0
https://github.com/statsmodels/statsmodels,git,1
https://github.com/cowrie/cowrie,git,1
https://pypi.org/project/pyasn1-modules/,pypi,1
https://github.com/deepset-ai/haystack,git,1
https://pypi.org/project/djangorestframework/,pypi,1
https://github.com/donnemartin/dev-setup,git,0
https://github.com/chatopera/Synonyms,git,0
https://pypi.org/project/jupyter-console/,pypi,1
https://github.com/python/cpython,git,1
https://github.com/cookiecutter/cookiecutter,git,1
https://github.com/miso-belica/sumy,git,1
https://gitlab.com/guyzmo/git-repo.git,git,0
deb://Debian/packages/virtualbox,deb,1
https://pypi.org/project/py4j/,pypi,1
https://gitlab.com/WilferCiro/ArduinoIDE.git,git,0
https://github.com/openai/gym,git,1
https://github.com/Yelp/mrjob,git,1
https://pypi.org/project/Cerberus/,pypi,0
https://github.com/deepmind/learning-to-learn,git,0
https://github.com/sfyc23/EverydayWechat,git,1
https://gitlab.com/romaaeterna/vocball.git,git,1
https://github.com/asweigart/pyautogui,git,1
https://pypi.org/project/argcomplete/,pypi,1
https://pypi.org/project/typing/,pypi,1
https://github.com/kivy/python-for-android,git,1
https://github.com/tiangolo/fastapi,git,1
https://gitlab.com/ldo/harfpy.git,git,0
https://gitlab.com/betse/betsee.git,git,1
https://github.com/newsapps/beeswithmachineguns,git,0
https://github.com/tebelorg/RPA-Python,git,1
https://github.com/HIT-SCIR/ltp,git,1
https://github.com/PyTorchLightning/pytorch-lightning,git,1
https://github.com/prakhar1989/Algorithms,git,0
deb://Debian/packages/python-oslo.versionedobjects,deb,1
https://pypi.org/project/coreapi/,pypi,0
https://pypi.org/project/idna_ssl/,pypi,0
https://github.com/mstamy2/PyPDF2,git,0
https://github.com/vnpy/vnpy,git,1
https://pypi.org/project/ruamel.yaml/,pypi,1
https://pypi.org/project/httpx/,pypi,1
https://pypi.org/project/googleads/,pypi,1
https://pypi.org/project/aws-requests-auth/,pypi,1
https://github.com/pandas-dev/pandas,git,1
https://github.com/pallets/werkzeug,git,1
https://github.com/zalando/connexion,git,1
https://pypi.org/project/mozrunner/,pypi,1
https://gitlab.com/vagnum08/cpupower-gui.git,git,1
https://pypi.org/project/nbconvert/,pypi,1
https://pypi.org/project/Flask-JWT-Extended/,pypi,1
https://github.com/maciejkula/spotlight,git,1
https://pypi.org/project/kubernetes/,pypi,1
https://github.com/n1nj4sec/pupy,git,1
https://github.com/rushter/MLAlgorithms,git,1
https://pypi.org/project/elasticsearch/,pypi,1
https://pypi.org/project/zipp/,pypi,1
https://pypi.org/project/click-repl/,pypi,0
https://github.com/pypa/pip,git,1
https://github.com/NVIDIA/Megatron-LM,git,1
https://github.com/hankcs/HanLP,git,1
https://github.com/awslabs/autogluon,git,1
https://github.com/pudo/dataset,git,1
https://github.com/ThilinaRajapakse/simpletransformers,git,1
deb://Debian/packages/lxc,deb,1
https://github.com/facebookresearch/pifuhd,git,1
https://github.com/Netflix/vmaf,git,1
https://pypi.org/project/lightgbm/,pypi,1
https://github.com/andresriancho/w3af,git,1
https://github.com/aws/aws-sam-cli,git,1
https://github.com/liuhuanyong/QASystemOnMedicalKG,git,0
https://github.com/shibing624/pycorrector,git,0
https://github.com/clovaai/stargan-v2,git,1
https://pypi.org/project/thinc/,pypi,1
deb://Debian/packages/beets,deb,1
https://github.com/Yelp/elastalert,git,1
https://pypi.org/project/twilio/,pypi,1
https://github.com/tkipf/gcn,git,0
https://github.com/jpadilla/pyjwt,git,1
https://pypi.org/project/azure-keyvault-secrets/,pypi,1
https://github.com/donnemartin/system-design-primer,git,1
https://github.com/princewen/tensorflow_practice,git,0
https://pypi.org/project/tqdm/,pypi,1
https://github.com/offu/WeRoBot,git,0
https://github.com/yahoo/TensorFlowOnSpark,git,1
https://gitlab.com/frague59/da2i.git,git,0
https://github.com/soumith/convnet-benchmarks,git,0
https://pypi.org/project/protobuf/,pypi,1
https://pypi.org/project/regex/,pypi,1
deb://Debian/packages/expeyes,deb,1
https://github.com/OctoPrint/OctoPrint,git,1
https://github.com/Guake/guake,git,1
https://github.com/Bitmessage/PyBitmessage,git,1
https://pypi.org/project/msrest/,pypi,1
https://github.com/SublimeText-Markdown/MarkdownEditing,git,0
https://github.com/gpuweb/gpuweb,git,1
https://github.com/ehForwarderBot/ehForwarderBot,git,0
https://pypi.org/project/msrestazure/,pypi,0
https://github.com/joblib/joblib,git,1
https://github.com/SpiderLabs/Responder,git,0
https://github.com/yahoo/open_nsfw,git,0
https://pypi.org/project/great-expectations/,pypi,1
https://gitlab.com/Screwtapello/bdflib.git,git,0
https://github.com/robotframework/robotframework,git,1
https://github.com/tornadoweb/tornado,git,1
https://github.com/mopidy/mopidy,git,1
https://github.com/insanum/gcalcli,git,1
https://gitlab.com/ideasman42/blender-mathutils.git,git,0
https://gitlab.com/sigmavirus24/toolbelt.git,git,0
https://github.com/FederatedAI/FATE,git,1
https://github.com/tensortrade-org/tensortrade,git,1
https://github.com/cornellius-gp/gpytorch,git,0
deb://Debian/packages/bpython,deb,1
deb://Debian/packages/python-crcmod,deb,0
https://pypi.org/project/docker-compose/,pypi,1
https://pypi.org/project/gast/,pypi,1
https://gitlab.com/cerfacs/arnica.git,git,0
deb://Debian/packages/testrepository,deb,0
https://pypi.org/project/ppft/,pypi,1
deb://Debian/packages/python-apptools,deb,1
https://github.com/chrippa/livestreamer,git,0
https://github.com/xonsh/xonsh,git,1
https://github.com/clips/pattern,git,1
https://github.com/Tribler/tribler,git,1
https://github.com/AlessandroZ/LaZagne,git,1
https://pypi.org/project/marshmallow/,pypi,1
https://github.com/voila-dashboards/voila,git,1
https://pypi.org/project/wget/,pypi,0
https://pypi.org/project/azure-mgmt-authorization/,pypi,1
deb://Debian/packages/autojump,deb,0
https://github.com/spulec/moto,git,1
https://github.com/TheRook/subbrute,git,0
https://github.com/byt3bl33d3r/CrackMapExec,git,1
https://pypi.org/project/google-cloud-datastore/,pypi,1
https://github.com/facebookresearch/DrQA,git,1
https://github.com/plotly/dash,git,1
https://github.com/pytoolz/toolz,git,1
https://github.com/donnemartin/interactive-coding-challenges,git,1
https://pypi.org/project/Flask-WTF/,pypi,1
deb://Debian/packages/debsecan,deb,1
deb://Debian/packages/python-manilaclient,deb,1
https://github.com/iperov/DeepFaceLab,git,1
deb://Debian/packages/tryton-modules-currency,deb,1
https://github.com/Suor/funcy,git,1
https://pypi.org/project/heroku3/,pypi,1
https://pypi.org/project/pandocfilters/,pypi,1
https://github.com/hellerve/programming-talks,git,1
https://gitlab.com/m2crypto/m2crypto.git,git,1
https://github.com/WZMIAOMIAO/deep-learning-for-image-processing,git,1
https://pypi.org/project/azure-mgmt-web/,pypi,1
https://pypi.org/project/scikit-image/,pypi,1
https://pypi.org/project/amqp/,pypi,1
https://pypi.org/project/Flask/,pypi,1
deb://Debian/packages/mayavi2,deb,1
https://pypi.org/project/ipywidgets/,pypi,0
deb://Debian/packages/open-vm-tools,deb,1
https://gitlab.com/zlax/sshch.git,git,0
https://pypi.org/project/fysom/,pypi,0
deb://Debian/packages/python-keystonemiddleware,deb,1
https://pypi.org/project/Flask-Compress/,pypi,1
https://pypi.org/project/pyee/,pypi,1
https://github.com/hwalsuklee/tensorflow-generative-model-collections,git,0
deb://Debian/packages/osc,deb,1
deb://Debian/packages/wajig,deb,0
https://pypi.org/project/findspark/,pypi,1
deb://Debian/packages/tryton-modules-product-classification,deb,1
https://pypi.org/project/Fiona/,pypi,1
https://pypi.org/project/sphinx-rtd-theme/,pypi,1
https://gitlab.com/granitosaurus/minds-api.git,git,0
https://pypi.org/project/google-cloud-vision/,pypi,1
https://github.com/floydhub/dl-docker,git,0
https://pypi.org/project/opencensus-ext-azure/,pypi,1
https://pypi.org/project/grpcio-tools/,pypi,1
deb://Debian/packages/python-systemd,deb,0
https://pypi.org/project/fastparquet/,pypi,1
https://pypi.org/project/nodeenv/,pypi,1
https://pypi.org/project/Flask-Cors/,pypi,1
https://pypi.org/project/termcolor/,pypi,0
https://github.com/Hironsan/BossSensor,git,0
https://pypi.org/project/cffi/,pypi,1
https://pypi.org/project/asn1crypto/,pypi,1
https://pypi.org/project/pyasn1/,pypi,0
https://pypi.org/project/preshed/,pypi,1
deb://Debian/packages/eyed3,deb,1
https://pypi.org/project/PyNaCl/,pypi,1
https://pypi.org/project/zeroconf/,pypi,1
https://pypi.org/project/pre-commit/,pypi,1
https://pypi.org/project/gevent/,pypi,1
https://pypi.org/project/bitstring/,pypi,1
https://pypi.org/project/jsonpickle/,pypi,1
https://pypi.org/project/graphql-core/,pypi,1
https://pypi.org/project/azure-storage-file/,pypi,0
https://pypi.org/project/google-cloud-core/,pypi,1
https://pypi.org/project/scipy/,pypi,1
deb://Debian/packages/imgsizer,deb,0
https://pypi.org/project/setuptools-git/,pypi,0
https://pypi.org/project/pyflakes/,pypi,1
https://pypi.org/project/msal-extensions/,pypi,1
https://pypi.org/project/azure-common/,pypi,1
https://pypi.org/project/pox/,pypi,1
https://pypi.org/project/snowflake-connector-python/,pypi,1
deb://Debian/packages/fiona,deb,1
deb://Debian/packages/psychopy,deb,1
deb://Debian/packages/urlscan,deb,1
https://pypi.org/project/apache-beam/,pypi,1
https://pypi.org/project/ndg-httpsclient/,pypi,0
deb://Debian/packages/python-apsw,deb,1
deb://Debian/packages/python-oslo.concurrency,deb,1
deb://Debian/packages/python-pip,deb,1
deb://Debian/packages/pycsw,deb,1
https://gitlab.com/tractor-team/carburetor.git,git,1
deb://Debian/packages/grass,deb,1
deb://Debian/packages/tryton-modules-stock-inventory-location,deb,1
https://pypi.org/project/grpcio-status/,pypi,1
https://pypi.org/project/pep517/,pypi,1
deb://Debian/packages/python-coverage,deb,1
deb://Debian/packages/python-oslo.db,deb,1
https://pypi.org/project/filelock/,pypi,0
https://pypi.org/project/azure-storage-queue/,pypi,1
https://pypi.org/project/python-jenkins/,pypi,1
deb://Debian/packages/django-testproject,deb,0
deb://Debian/packages/unoconv,deb,0
deb://Debian/packages/python-requests-mock,deb,1
https://pypi.org/project/yq/,pypi,1
deb://Debian/packages/plasmidomics,deb,1
https://pypi.org/project/snowflake-sqlalchemy/,pypi,1
https://pypi.org/project/cached-property/,pypi,0
https://pypi.org/project/plumbum/,pypi,1
deb://Debian/packages/lybniz,deb,1
https://pypi.org/project/knack/,pypi,0
https://pypi.org/project/logzio-python-handler/,pypi,1
https://pypi.org/project/seaborn/,pypi,1
https://pypi.org/project/parameterized/,pypi,1
https://github.com/junyanz/iGAN,git,1
deb://Debian/packages/bkchem,deb,0
https://pypi.org/project/factory-boy/,pypi,1
https://github.com/fighting41love/funNLP,git,1
https://pypi.org/project/azure-servicebus/,pypi,1
deb://Debian/packages/python-xstatic-roboto-fontface,deb,0
https://gitlab.com/ricvelozo/scripts.git,git,0
https://pypi.org/project/semver/,pypi,1
deb://Debian/packages/pitivi,deb,1
https://pypi.org/project/jsondiff/,pypi,0
https://pypi.org/project/oauth2client/,pypi,0
deb://Debian/packages/python-statsd,deb,0
deb://Debian/packages/python-cobra,deb,1
deb://Debian/packages/python-xlib,deb,1
https://pypi.org/project/oslo.serialization/,pypi,1
deb://Debian/packages/xdot,deb,1
https://pypi.org/project/hiredis/,pypi,1
deb://Debian/packages/gpxviewer,deb,1
https://github.com/yandex/gixy,git,1
https://pypi.org/project/pycpfcnpj/,pypi,0
https://github.com/Kyubyong/transformer,git,1
deb://Debian/packages/cappuccino,deb,0
https://pypi.org/project/snowballstemmer/,pypi,0
deb://Debian/packages/python-stetl,deb,1
deb://Debian/packages/subunit,deb,1
https://pypi.org/project/jsonpointer/,pypi,0
deb://Debian/packages/veusz,deb,1
deb://Debian/packages/python-pysaml2,deb,1
https://pypi.org/project/alabaster/,pypi,0
deb://Debian/packages/python-monotonic,deb,0
https://pypi.org/project/holidays/,pypi,1
deb://Debian/packages/python-cligj,deb,1
https://pypi.org/project/tableauserverclient/,pypi,1
https://pypi.org/project/singledispatch/,pypi,0
deb://Debian/packages/i18nspector,deb,1
deb://Debian/packages/python-pygraphviz,deb,1
https://pypi.org/project/pyproj/,pypi,1
https://pypi.org/project/pickleshare/,pypi,0
deb://Debian/packages/gambc,deb,0
https://pypi.org/project/marshmallow-sqlalchemy/,pypi,1
deb://Debian/packages/python-oslo.context,deb,1
deb://Debian/packages/virt-what,deb,0
https://pypi.org/project/json5/,pypi,1
https://pypi.org/project/ipdb/,pypi,1
deb://Debian/packages/drbdlinks,deb,0
https://pypi.org/project/execnet/,pypi,0
https://pypi.org/project/google-cloud-trace/,pypi,1
https://pypi.org/project/marshmallow-enum/,pypi,0
https://pypi.org/project/azure-mgmt-reservations/,pypi,1
deb://Debian/packages/eric,deb,1
deb://Debian/packages/python-ldap,deb,1
https://pypi.org/project/JSON-log-formatter/,pypi,1
https://pypi.org/project/black/,pypi,1
https://pypi.org/project/colour/,pypi,0
deb://Debian/packages/debomatic,deb,0
deb://Debian/packages/gwakeonlan,deb,0
deb://Debian/packages/python-sphinxcontrib.plantuml,deb,0
https://pypi.org/project/azure-mgmt-datalake-analytics/,pypi,0
deb://Debian/packages/spyder,deb,1
deb://Debian/packages/pywps,deb,1
https://pypi.org/project/bandit/,pypi,0
https://pypi.org/project/mmh3/,pypi,0
deb://Debian/packages/pssh,deb,1
deb://Debian/packages/python-sure,deb,0
https://pypi.org/project/argparse/,pypi,0
deb://Debian/packages/python-glanceclient,deb,1
deb://Debian/packages/tortoisehg,deb,1
https://pypi.org/project/maxminddb/,pypi,1
https://pypi.org/project/thrift/,pypi,0
deb://Debian/packages/python-memcache,deb,1
https://pypi.org/project/pytest-timeout/,pypi,1
https://pypi.org/project/distlib/,pypi,1
deb://Debian/packages/python-fastimport,deb,0
https://pypi.org/project/psycopg2-binary/,pypi,1
deb://Debian/packages/tryton-modules-carrier-percentage,deb,1
deb://Debian/packages/anki,deb,1
deb://Debian/packages/tryton-modules-sale,deb,1
https://pypi.org/project/hyperframe/,pypi,0
deb://Debian/packages/seahorse-adventures,deb,0
deb://Debian/packages/python-cliff,deb,1
deb://Debian/packages/tryton-modules-project-invoice,deb,1
deb://Debian/packages/loook,deb,0
https://pypi.org/project/openapi-spec-validator/,pypi,1
deb://Debian/packages/gaupol,deb,1
deb://Debian/packages/tryton-modules-account-payment-sepa,deb,1
https://pypi.org/project/loguru/,pypi,1
deb://Debian/packages/python-rjsmin,deb,0
https://gitlab.com/diegogangl/reflow.git,git,0
https://pypi.org/project/colorama/,pypi,1
https://pypi.org/project/tensorflow-probability/,pypi,0
deb://Debian/packages/python-glance-store,deb,1
https://pypi.org/project/iniconfig/,pypi,1
https://gitlab.com/jenx/import-batteries-talk.git,git,0
https://pypi.org/project/flask-swagger/,pypi,0
deb://Debian/packages/python-iniparse,deb,0
deb://Debian/packages/python-stdnum,deb,1
deb://Debian/packages/python-bashate,deb,1
deb://Debian/packages/python-rcssmin,deb,0
https://pypi.org/project/coreschema/,pypi,0
deb://Debian/packages/tryton-modules-timesheet,deb,1
deb://Debian/packages/python-heatclient,deb,1
deb://Debian/packages/python-amqp,deb,1
deb://Debian/packages/tryton-modules-purchase-shipment-cost,deb,1
deb://Debian/packages/debdelta,deb,0
https://gitlab.com/nobodyinperson/python3-simbuto.git,git,0
deb://Debian/packages/python-oslo.cache,deb,1
https://pypi.org/project/watchdog/,pypi,1
https://pypi.org/project/webencodings/,pypi,0
deb://Debian/packages/python-xstatic-bootstrap-scss,deb,0
deb://Debian/packages/python-gear,deb,0
deb://Debian/packages/pius,deb,1
deb://Debian/packages/gimp-plugin-registry,deb,1
deb://Debian/packages/python-xstatic-jquery,deb,0
deb://Debian/packages/packagekit,deb,1
deb://Debian/packages/unicode,deb,0
deb://Debian/packages/python-geojson,deb,1
deb://Debian/packages/yokadi,deb,1
deb://Debian/packages/fonttools,deb,1
deb://Debian/packages/treeline,deb,0
deb://Debian/packages/python-affine,deb,1
deb://Debian/packages/xen-tools,deb,0
deb://Debian/packages/galternatives,deb,1
deb://Debian/packages/python-yenc,deb,1
https://pypi.org/project/azure-mgmt-subscription/,pypi,1
deb://Debian/packages/python-retrying,deb,0
deb://Debian/packages/terminator,deb,1
deb://Debian/packages/screenkey,deb,1
https://pypi.org/project/resolvelib/,pypi,1
deb://Debian/packages/apt-clone,deb,1
deb://Debian/packages/python-pint,deb,1
deb://Debian/packages/apt-forktracer,deb,0
https://pypi.org/project/hyperopt/,pypi,1
deb://Debian/packages/yapps2,deb,0
https://pypi.org/project/databricks-api/,pypi,1
deb://Debian/packages/python-fasteners,deb,0
deb://Debian/packages/tryton-modules-analytic-account,deb,1
deb://Debian/packages/epigrass,deb,1
https://pypi.org/project/cymem/,pypi,1
deb://Debian/packages/lptools,deb,1
https://pypi.org/project/azure-mgmt-iothub/,pypi,1
https://pypi.org/project/mccabe/,pypi,0
deb://Debian/packages/python-futurist,deb,1
deb://Debian/packages/tryton-modules-stock-lot,deb,1
https://pypi.org/project/ruamel.yaml.clib/,pypi,1
deb://Debian/packages/python-proboscis,deb,0
deb://Debian/packages/tryton-modules-account-payment-sepa-cfonb,deb,1
deb://Debian/packages/python-rtree,deb,1
deb://Debian/packages/git-phab,deb,0
deb://Debian/packages/rdiff-backup,deb,1
https://pypi.org/project/bz2file/,pypi,0
https://pypi.org/project/prison/,pypi,1
deb://Debian/packages/svgtune,deb,1
deb://Debian/packages/python-utmp,deb,0
deb://Debian/packages/python-pysnmp4-mibs,deb,1
deb://Debian/packages/gtranscribe,deb,1
https://pypi.org/project/toposort/,pypi,0
deb://Debian/packages/python-seamicroclient,deb,1
deb://Debian/packages/weather-util,deb,1
deb://Debian/packages/dhcpy6d,deb,0
https://gitlab.com/e271/mcat.git,git,0
deb://Debian/packages/python-xstatic-angular-lrdragndrop,deb,0
deb://Debian/packages/pyroman,deb,1
deb://Debian/packages/tryton-modules-party-siret,deb,1
https://pypi.org/project/google-crc32c/,pypi,1
https://github.com/locustio/locust,git,1
https://github.com/coleifer/huey,git,1
https://gitlab.com/becheran/pysg.git,git,1
https://github.com/google/trax,git,1
https://gitlab.com/bgez/demos/BGEz_LandGen.git,git,0
https://github.com/microsoft/DeepSpeed,git,1
https://github.com/coleifer/peewee,git,1
https://github.com/weskerfoot/DeleteFB,git,1
https://pypi.org/project/azure-mgmt-datalake-store/,pypi,1
deb://Debian/packages/python-aodhclient,deb,1
https://pypi.org/project/thrift-sasl/,pypi,1
https://pypi.org/project/multidict/,pypi,1
https://github.com/rougier/numpy-100,git,1
https://github.com/lyst/lightfm,git,1
https://pypi.org/project/pytest/,pypi,1
https://pypi.org/project/widgetsnbextension/,pypi,1
https://pypi.org/project/twine/,pypi,1
deb://Debian/packages/python-openstackdocstheme,deb,0
https://github.com/trailofbits/manticore,git,1
https://github.com/pyinstaller/pyinstaller,git,1
https://pypi.org/project/Flask-AppBuilder/,pypi,1
https://github.com/tensorpack/tensorpack,git,1
https://github.com/oreilly-japan/deep-learning-from-scratch,git,1
https://github.com/taobao/nginx-book,git,0
https://github.com/brightmart/text_classification,git,0
https://github.com/3b1b/manim,git,1
https://gitlab.com/thecorpora/QBO.git,git,0
https://pypi.org/project/parso/,pypi,1
https://pypi.org/project/azure-mgmt-batch/,pypi,1
https://github.com/HJLebbink/asm-dude,git,0
https://github.com/modin-project/modin,git,1
https://github.com/Tencent/FaceDetection-DSFD,git,1
https://github.com/nabla-c0d3/sslyze,git,1
https://pypi.org/project/psutil/,pypi,1
https://github.com/cirosantilli/linux-kernel-module-cheat,git,1
https://gitlab.com/noppo/gevent-websocket.git,git,0
https://github.com/hellysmile/fake-useragent,git,0
https://pypi.org/project/imageio/,pypi,1
https://pypi.org/project/avro/,pypi,1
https://pypi.org/project/proto-plus/,pypi,1
https://pypi.org/project/starlette/,pypi,1
https://github.com/openstack/nova,git,1
https://pypi.org/project/hypothesis/,pypi,1
https://github.com/ijl/orjson,git,1
https://github.com/skorokithakis/catt,git,1
https://pypi.org/project/pytest-mock/,pypi,1
https://pypi.org/project/ipython/,pypi,1
deb://Debian/packages/tryton-modules-account-stock-anglo-saxon,deb,1
https://pypi.org/project/ec2-metadata/,pypi,1
https://pypi.org/project/XlsxWriter/,pypi,1
https://github.com/jmcnamara/XlsxWriter,git,1
https://github.com/mitmproxy/mitmproxy,git,1
https://github.com/mahyarnajibi/SNIPER,git,0
https://github.com/andialbrecht/sqlparse,git,1
https://github.com/baowenbo/DAIN,git,1
https://github.com/welliamcao/OpsManage,git,1
https://github.com/bokeh/bokeh,git,1
https://github.com/StevenBlack/hosts,git,1
https://pypi.org/project/nltk/,pypi,1
https://github.com/numpy/numpy,git,1
https://github.com/PrefectHQ/prefect,git,1
https://gitlab.com/Fahmi.Salleh/venvtools.git,git,0
https://pypi.org/project/aiohttp/,pypi,1
deb://Debian/packages/pycode-browser,deb,0
https://pypi.org/project/pika/,pypi,0
https://github.com/cool-RR/PySnooper,git,1
https://pypi.org/project/azure-datalake-store/,pypi,1
https://gitlab.com/gvallverdu/cours-python.git,git,0
https://pypi.org/project/Werkzeug/,pypi,1
https://pypi.org/project/docker/,pypi,1
https://github.com/ipython/ipython,git,1
https://github.com/jazzband/django-debug-toolbar,git,1
https://pypi.org/project/zeep/,pypi,1
https://github.com/eriklindernoren/Keras-GAN,git,0
deb://Debian/packages/tempest,deb,1
https://pypi.org/project/featuretools/,pypi,1
https://github.com/freqtrade/freqtrade,git,0
https://github.com/benoitc/gunicorn,git,1
https://pypi.org/project/basictracer/,pypi,0
https://github.com/jazzband/django-taggit,git,1
https://github.com/openai/glow,git,1
deb://Debian/packages/gnome-music,deb,1
https://github.com/django-tastypie/django-tastypie,git,1
https://pypi.org/project/jupyter-client/,pypi,1
https://github.com/bitsadmin/wesng,git,1
https://gitlab.com/r4rdsn/mafia_host_bot.git,git,1
https://github.com/jisungk/deepjazz,git,0
https://github.com/pyqtgraph/pyqtgraph,git,1
https://github.com/evilsocket/opensnitch,git,1
https://github.com/WeblateOrg/weblate,git,0
https://github.com/python-openxml/python-docx,git,0
https://github.com/openvinotoolkit/open_model_zoo,git,1
https://gitlab.com/MTIpython/MTIpython.git,git,0
https://pypi.org/project/stripe/,pypi,1
https://github.com/encode/apistar,git,1
https://gitlab.com/nicofirst1/MotionBot.git,git,0
https://github.com/feast-dev/feast,git,1
https://gitlab.com/ldo/qahirah.git,git,1
https://github.com/junyanz/pytorch-CycleGAN-and-pix2pix,git,1
https://github.com/neozhaoliang/pywonderland,git,1
https://pypi.org/project/Sphinx/,pypi,1
https://gitlab.com/GNULand/TraktorPlus/Traktor.git,git,0
https://github.com/madmaze/pytesseract,git,1
https://pypi.org/project/pystan/,pypi,1
https://github.com/falconry/falcon,git,1
https://github.com/ethereum/web3.py,git,0
https://pypi.org/project/kombu/,pypi,1
https://pypi.org/project/GitPython/,pypi,1
https://github.com/pytransitions/transitions,git,1
https://pypi.org/project/lark-parser/,pypi,1
https://github.com/lk-geimfari/awesomo,git,0
https://github.com/xchaoinfo/fuck-login,git,0
https://github.com/qutebrowser/qutebrowser,git,0
https://github.com/hhatto/autopep8,git,1
https://github.com/jazzband/tablib,git,1
https://pypi.org/project/jsonpatch/,pypi,1
https://github.com/donnemartin/gitsome,git,0
https://github.com/ultralytics/yolov3,git,1
https://github.com/keithito/tacotron,git,1
deb://Debian/packages/zeroinstall-injector,deb,1
https://pypi.org/project/Markdown/,pypi,1
https://gitlab.com/EAVISE/brambox.git,git,1
https://github.com/boto/boto,git,0
https://github.com/kennethreitz/records,git,0
deb://Debian/packages/python-tz,deb,1
https://gitlab.com/ColoradoSchoolOfMines/visplay.git,git,1
https://gitlab.com/open-geotechnical/ogt-py.git,git,0
https://pypi.org/project/tzlocal/,pypi,1
https://gitlab.com/Screwtapello/python-bps.git,git,0
deb://Debian/packages/lavacli,deb,1
https://pypi.org/project/slackclient/,pypi,1
https://pypi.org/project/hdfs/,pypi,0
https://github.com/mozillazg/python-pinyin,git,1
https://pypi.org/project/pytest-rerunfailures/,pypi,1
https://github.com/apache/airflow,git,1
https://github.com/testerSunshine/12306,git,1
https://github.com/edgedb/edgedb,git,1
https://github.com/metabrainz/picard,git,1
https://gitlab.com/pycqa/flake8.git,git,1
https://pypi.org/project/natsort/,pypi,1
https://github.com/Kr1s77/awesome-python-login-model,git,0
https://pypi.org/project/mutagen/,pypi,1
https://github.com/coursera-dl/coursera-dl,git,1
https://gitlab.com/fumail/fuglu.git,git,1
https://github.com/apachecn/AiLearning,git,0
https://github.com/threat9/routersploit,git,0
https://gitlab.com/dansanti/facturacion_electronica.git,git,1
https://gitlab.com/zef1r/mockify.git,git,1
https://github.com/InsaneLife/ChineseNLPCorpus,git,0
https://github.com/fmfn/BayesianOptimization,git,1
https://github.com/fail2ban/fail2ban,git,1
https://github.com/google/python-fire,git,1
https://github.com/facebookresearch/Detectron,git,1
https://pypi.org/project/fonttools/,pypi,1
https://github.com/gevent/gevent,git,1
https://github.com/trustedsec/ptf,git,1
https://github.com/uber/causalml,git,1
https://github.com/schollz/howmanypeoplearearound,git,1
https://pypi.org/project/Flask-SocketIO/,pypi,1
https://pypi.org/project/pybind11/,pypi,1
https://github.com/SirVer/ultisnips,git,1
https://github.com/encode/starlette,git,1
https://gitlab.com/compiz/ccsm.git,git,0
https://github.com/tkarras/progressive_growing_of_gans,git,0
https://gitlab.com/hesafredrika/server.git,git,0
https://pypi.org/project/cssselect/,pypi,0
https://gitlab.com/zaber-core-libs/core-python.git,git,0
https://pypi.org/project/pip-tools/,pypi,1
https://pypi.org/project/httptools/,pypi,1
https://pypi.org/project/poetry/,pypi,1
https://pypi.org/project/h2/,pypi,1
https://github.com/jackzhenguo/python-small-examples,git,1
deb://Debian/packages/buildbot,deb,1
https://pypi.org/project/pytest-django/,pypi,1
https://pypi.org/project/oslo.utils/,pypi,1
https://pypi.org/project/yarl/,pypi,1
deb://Debian/packages/tryton-modules-product-cost-history,deb,1
https://pypi.org/project/azure-cli-core/,pypi,1
https://pypi.org/project/watchtower/,pypi,1
https://pypi.org/project/keystoneauth1/,pypi,1
https://pypi.org/project/facebook-business/,pypi,1
https://pypi.org/project/tokenizers/,pypi,1
https://pypi.org/project/python-daemon/,pypi,0
https://pypi.org/project/gspread/,pypi,1
https://pypi.org/project/python-gnupg/,pypi,1
https://pypi.org/project/bottle/,pypi,1
https://pypi.org/project/eli5/,pypi,0
https://pypi.org/project/azure-storage-file-datalake/,pypi,1
https://pypi.org/project/pendulum/,pypi,1
https://pypi.org/project/aws-sam-translator/,pypi,1
https://gitlab.com/bradwood/pyclibase.git,git,0
deb://Debian/packages/impressive,deb,1
https://pypi.org/project/python-http-client/,pypi,1
https://pypi.org/project/autograd/,pypi,0
https://pypi.org/project/pyOpenSSL/,pypi,1
https://pypi.org/project/terminaltables/,pypi,0
https://github.com/kylemcdonald/FreeWifi,git,0
https://pypi.org/project/azure-mgmt-eventgrid/,pypi,1
https://github.com/wangshub/Douyin-Bot,git,1
https://pypi.org/project/hvac/,pypi,1
https://pypi.org/project/six/,pypi,1
https://pypi.org/project/commonmark/,pypi,0
https://pypi.org/project/joblib/,pypi,1
https://pypi.org/project/azure-mgmt-notificationhubs/,pypi,1
https://github.com/hardikvasa/google-images-download,git,0
https://pypi.org/project/Jinja2/,pypi,1
https://pypi.org/project/azure/,pypi,1
https://github.com/lijiejie/subDomainsBrute,git,0
https://gitlab.com/raioramalho/bssidfinder.git,git,0
https://pypi.org/project/pyserial/,pypi,1
https://github.com/miloyip/game-programmer,git,0
deb://Debian/packages/python-requestsexceptions,deb,0
https://gitlab.com/CharvN/v4l2lepton3.git,git,1
https://pypi.org/project/aenum/,pypi,1
deb://Debian/packages/tryton-modules-sale-promotion,deb,1
https://pypi.org/project/Flask-Breadcrumbs/,pypi,1
https://pypi.org/project/ptyprocess/,pypi,0
https://pypi.org/project/typed-ast/,pypi,1
https://pypi.org/project/typing-inspect/,pypi,1
https://pypi.org/project/python-slugify/,pypi,1
deb://Debian/packages/bzrtools,deb,0
https://pypi.org/project/azure-mgmt-policyinsights/,pypi,1
https://pypi.org/project/smmap/,pypi,1
deb://Debian/packages/python-rfc3986,deb,1
https://pypi.org/project/python-magic/,pypi,1
https://pypi.org/project/protobuf3-to-dict/,pypi,0
https://github.com/dwyl/english-words,git,1
https://pypi.org/project/azureml/,pypi,0
https://github.com/ethereon/caffe-tensorflow,git,0
https://gitlab.com/flashcode/gitchart.git,git,1
https://pypi.org/project/dataclasses-json/,pypi,1
https://pypi.org/project/azure-eventgrid/,pypi,1
deb://Debian/packages/solarwolf,deb,1
https://pypi.org/project/sshtunnel/,pypi,0
https://pypi.org/project/geographiclib/,pypi,0
https://gitlab.com/BVollmerhaus/blurwal.git,git,0
https://pypi.org/project/sacremoses/,pypi,1
deb://Debian/packages/bmap-tools,deb,0
https://pypi.org/project/docker-pycreds/,pypi,0
https://pypi.org/project/spark-nlp/,pypi,1
deb://Debian/packages/tryton-modules-account-invoice,deb,1
deb://Debian/packages/python-xstatic,deb,0
https://pypi.org/project/itsdangerous/,pypi,1
https://github.com/noamraph/tqdm,git,0
https://pypi.org/project/mypy/,pypi,1
https://pypi.org/project/uamqp/,pypi,1
https://pypi.org/project/pycodestyle/,pypi,0
https://pypi.org/project/azure-mgmt-iotcentral/,pypi,1
https://pypi.org/project/clang/,pypi,1
deb://Debian/packages/xonsh,deb,1
deb://Debian/packages/python-xstatic-jquery.quicksearch,deb,0
https://pypi.org/project/charset-normalizer/,pypi,0
https://pypi.org/project/click-plugins/,pypi,0
https://pypi.org/project/convertdate/,pypi,1
https://pypi.org/project/sentencepiece/,pypi,1
deb://Debian/packages/python-castellan,deb,1
deb://Debian/packages/black,deb,1
https://gitlab.com/radek-sprta/python-cookiecutter.git,git,0
https://github.com/qqwweee/keras-yolo3,git,0
https://pypi.org/project/catalogue/,pypi,1
deb://Debian/packages/django-testscenarios,deb,0
deb://Debian/packages/pwman3,deb,1
deb://Debian/packages/pysolfc,deb,1
https://gitlab.com/itugnu/lectures/django-2018-09.git,git,0
https://pypi.org/project/jellyfish/,pypi,1
deb://Debian/packages/kanyremote,deb,0
deb://Debian/packages/python-senlinclient,deb,1
https://pypi.org/project/pathy/,pypi,1
https://github.com/isnowfy/snownlp,git,0
https://pypi.org/project/scikit-learn/,pypi,1
https://pypi.org/project/python-gitlab/,pypi,1
https://pypi.org/project/bitarray/,pypi,1
deb://Debian/packages/python-odf,deb,1
deb://Debian/packages/python-babel,deb,1
https://github.com/abewley/sort,git,0
deb://Debian/packages/python-sqlalchemy-utils,deb,1
https://pypi.org/project/influxdb/,pypi,1
https://pypi.org/project/retrying/,pypi,0
https://pypi.org/project/openpyxl/,pypi,1
deb://Debian/packages/mypaint,deb,1
https://gitlab.com/deepset-ai/open-source/word2vec-embeddings-de.git,git,0
deb://Debian/packages/python-ceilometerclient,deb,1
https://github.com/zq1997/deepin-wine,git,1
deb://Debian/packages/ufw,deb,1
https://pypi.org/project/chardet/,pypi,1
deb://Debian/packages/python-dsv,deb,1
https://pypi.org/project/tabulate/,pypi,1
deb://Debian/packages/python-pyngus,deb,1
https://pypi.org/project/requests-aws4auth/,pypi,1
https://pypi.org/project/pytest-runner/,pypi,0
deb://Debian/packages/keystone,deb,1
deb://Debian/packages/python-osmapi,deb,1
https://pypi.org/project/scapy/,pypi,1
https://pypi.org/project/blis/,pypi,1
deb://Debian/packages/python-gabbi,deb,1
https://pypi.org/project/azure-mgmt-scheduler/,pypi,0
https://pypi.org/project/pyspark/,pypi,1
https://pypi.org/project/clickclick/,pypi,1
deb://Debian/packages/python-swiftclient,deb,1
deb://Debian/packages/python-oslo.middleware,deb,1
https://pypi.org/project/atomicwrites/,pypi,1
https://pypi.org/project/google-cloud-dlp/,pypi,1
deb://Debian/packages/python-oslo.utils,deb,1
deb://Debian/packages/pymol,deb,0
https://pypi.org/project/shellingham/,pypi,1
deb://Debian/packages/python-wadllib,deb,1
deb://Debian/packages/mercurial,deb,1
https://pypi.org/project/absl-py/,pypi,1
deb://Debian/packages/python-gnocchiclient,deb,1
deb://Debian/packages/python-django-babel,deb,0
https://pypi.org/project/wcwidth/,pypi,1
https://gitlab.com/rj.budzynski/Billiard.git,git,0
deb://Debian/packages/python-formencode,deb,1
https://pypi.org/project/attrs/,pypi,0
https://pypi.org/project/django-filter/,pypi,1
deb://Debian/packages/python-daemon,deb,1
https://pypi.org/project/multi_key_dict/,pypi,0
deb://Debian/packages/nagstamon,deb,1
https://pypi.org/project/google/,pypi,1
deb://Debian/packages/whichwayisup,deb,0
https://pypi.org/project/jupyterlab-widgets/,pypi,1
https://github.com/tkipf/pygcn,git,0
https://pypi.org/project/imageio-ffmpeg/,pypi,1
https://github.com/nwojke/deep_sort,git,0
https://pypi.org/project/simple-salesforce/,pypi,1
deb://Debian/packages/python-termstyle,deb,0
https://pypi.org/project/sphinxcontrib-serializinghtml/,pypi,1
https://pypi.org/project/python-consul/,pypi,0
deb://Debian/packages/isrcsubmit,deb,0
https://pypi.org/project/pandas-profiling/,pypi,1
deb://Debian/packages/sinntp,deb,1
https://pypi.org/project/mistune/,pypi,1
https://pypi.org/project/tensorflow-transform/,pypi,1
https://pypi.org/project/sphinxcontrib-htmlhelp/,pypi,1
https://pypi.org/project/azure-mgmt-trafficmanager/,pypi,0
deb://Debian/packages/tryton-modules-company-work-time,deb,1
https://pypi.org/project/azure-mgmt-billing/,pypi,1
deb://Debian/packages/solfege,deb,1
https://pypi.org/project/python-Levenshtein/,pypi,0
deb://Debian/packages/openscenegraph,deb,1
deb://Debian/packages/tryton-modules-sale-shipment-grouping,deb,1
deb://Debian/packages/grc,deb,0
deb://Debian/packages/singularity,deb,1
deb://Debian/packages/retext,deb,1
https://pypi.org/project/typing-extensions/,pypi,1
https://pypi.org/project/langcodes/,pypi,1
https://pypi.org/project/blinker/,pypi,0
deb://Debian/packages/python-git,deb,1
deb://Debian/packages/pdfposter,deb,0
https://pypi.org/project/aiofiles/,pypi,1
https://pypi.org/project/azure-mgmt/,pypi,1
https://gitlab.com/frankrich/sds011_particle_sensor.git,git,0
deb://Debian/packages/python-pymysql,deb,0
https://pypi.org/project/backports.ssl_match_hostname/,pypi,0
https://pypi.org/project/azure-mgmt-keyvault/,pypi,1
deb://Debian/packages/mapproxy,deb,1
deb://Debian/packages/python-toml,deb,1
https://pypi.org/project/ijson/,pypi,1
deb://Debian/packages/tryton-proteus,deb,0
https://pypi.org/project/jsonpath-ng/,pypi,0
deb://Debian/packages/python-jsonschema,deb,1
deb://Debian/packages/python-shapely,deb,1
deb://Debian/packages/python-tosca-parser,deb,1
deb://Debian/packages/nagios-plugins-contrib,deb,1
deb://Debian/packages/python-os-apply-config,deb,1
deb://Debian/packages/cwltool,deb,1
https://pypi.org/project/Deprecated/,pypi,0
deb://Debian/packages/cherrytree,deb,1
deb://Debian/packages/python-oslo.reports,deb,1
deb://Debian/packages/ibus-skk,deb,0
https://pypi.org/project/pyluach/,pypi,1
deb://Debian/packages/tryton-modules-account-invoice-stock,deb,1
https://pypi.org/project/frozendict/,pypi,0
https://pypi.org/project/flatbuffers/,pypi,1
deb://Debian/packages/codespell,deb,1
deb://Debian/packages/python-gnuplot,deb,0
deb://Debian/packages/vzquota,deb,0
deb://Debian/packages/deluge,deb,1
https://pypi.org/project/pysftp/,pypi,0
deb://Debian/packages/playitslowly,deb,0
deb://Debian/packages/python-debtcollector,deb,1
deb://Debian/packages/python-funcsigs,deb,1
deb://Debian/packages/python-textile,deb,1
deb://Debian/packages/lincredits,deb,1
deb://Debian/packages/enjarify,deb,1
https://pypi.org/project/azure-mgmt-applicationinsights/,pypi,1
deb://Debian/packages/painintheapt,deb,0
deb://Debian/packages/vzctl,deb,0
deb://Debian/packages/python-ironicclient,deb,1
deb://Debian/packages/tryton-modules-stock-location-sequence,deb,1
https://pypi.org/project/pycrypto/,pypi,0
deb://Debian/packages/pydf,deb,0
deb://Debian/packages/munin-libvirt-plugins,deb,1
https://pypi.org/project/torch/,pypi,0
deb://Debian/packages/tryton-modules-stock-supply-forecast,deb,1
deb://Debian/packages/python-wsme,deb,1
deb://Debian/packages/tryton-modules-production-work,deb,1
deb://Debian/packages/python-nose-parameterized,deb,0
https://pypi.org/project/azure-mgmt-commerce/,pypi,1
https://pypi.org/project/pathtools/,pypi,0
https://pypi.org/project/pastel/,pypi,1
deb://Debian/packages/python-mysqldb,deb,1
https://pypi.org/project/azure-mgmt-search/,pypi,1
deb://Debian/packages/python-ceilometermiddleware,deb,1
deb://Debian/packages/python-crank,deb,0
https://pypi.org/project/azure-mgmt-signalr/,pypi,1
deb://Debian/packages/ssake,deb,0
deb://Debian/packages/rhinote,deb,1
deb://Debian/packages/python-vobject,deb,0
deb://Debian/packages/revelation,deb,1
deb://Debian/packages/angrydd,deb,0
https://pypi.org/project/cachy/,pypi,0
deb://Debian/packages/python-rtslib-fb,deb,1
deb://Debian/packages/openshot-qt,deb,1
deb://Debian/packages/tryton-modules-customs,deb,1
deb://Debian/packages/geophar,deb,1
deb://Debian/packages/rednotebook,deb,0
https://pypi.org/project/python-snappy/,pypi,0
deb://Debian/packages/kazam,deb,1
deb://Debian/packages/gausssum,deb,0
https://pypi.org/project/azure-mgmt-managementgroups/,pypi,1
https://pypi.org/project/LunarCalendar/,pypi,0
deb://Debian/packages/selinux-basics,deb,1
https://pypi.org/project/ply/,pypi,0
deb://Debian/packages/trash-cli,deb,0
deb://Debian/packages/python-pysnmp4-apps,deb,1
deb://Debian/packages/radon,deb,1
deb://Debian/packages/aseba-plugin-blockly,deb,1
deb://Debian/packages/icdiff,deb,0
deb://Debian/packages/python-future,deb,1
deb://Debian/packages/python-lesscpy,deb,0
deb://Debian/packages/command-not-found,deb,0
https://pypi.org/project/pyCalverter/,pypi,0
https://github.com/giampaolo/psutil,git,1
https://pypi.org/project/parsedatetime/,pypi,1
https://github.com/PySimpleGUI/PySimpleGUI,git,1
https://gitlab.com/pycqa/pep8-naming.git,git,1
https://gitlab.com/ae-dir/python-aedir.git,git,1
https://pypi.org/project/Mako/,pypi,1
https://github.com/joeyespo/grip,git,0
https://github.com/Rapptz/discord.py,git,1
https://github.com/yunjey/pytorch-tutorial,git,1
https://github.com/microsoft/cascadia-code,git,1
https://pypi.org/project/sendgrid/,pypi,1
https://github.com/googleapis/google-cloud-python,git,1
https://github.com/douban/dpark,git,0
https://github.com/dmlc/dgl,git,1
https://github.com/Chia-Network/chia-blockchain,git,1
deb://Debian/packages/python-semantic-version,deb,1
https://github.com/jiaaro/pydub,git,1
https://github.com/wiseodd/generative-models,git,0
https://github.com/python-attrs/attrs,git,1
https://github.com/wookayin/gpustat,git,1
https://pypi.org/project/bokeh/,pypi,1
https://github.com/cython/cython,git,1
https://github.com/miguelgrinberg/python-socketio,git,1
https://github.com/Eloston/ungoogled-chromium,git,1
https://gitlab.com/vstconsulting/polemarch.git,git,1
https://pypi.org/project/pip/,pypi,1
https://pypi.org/project/youtube_dl/,pypi,1
https://pypi.org/project/dockerpty/,pypi,0
https://pypi.org/project/zict/,pypi,1
https://github.com/OWASP/owasp-mstg,git,1
https://github.com/malwaredllc/byob,git,0
https://pypi.org/project/uvicorn/,pypi,1
https://pypi.org/project/mysqlclient/,pypi,1
https://gitlab.com/brombinmirko/Telegram_UnifiedBanBot.git,git,0
https://github.com/bottlepy/bottle,git,1
https://github.com/stanfordnlp/stanza,git,1
https://github.com/dschep/ntfy,git,0
https://pypi.org/project/virtualenv-clone/,pypi,1
https://github.com/jackfrued/Python-100-Days,git,1
https://github.com/CorentinJ/Real-Time-Voice-Cloning,git,1
https://pypi.org/project/setuptools/,pypi,1
https://github.com/tweepy/tweepy,git,1
https://pypi.org/project/azure-mgmt-compute/,pypi,1
https://pypi.org/project/keyring/,pypi,1
https://github.com/PAIR-code/lit,git,1
https://github.com/taki0112/UGATIT,git,1
https://github.com/getsentry/sentry,git,1
https://github.com/qtile/qtile,git,1
https://github.com/aws/chalice,git,1
https://github.com/tiangolo/full-stack-fastapi-postgresql,git,1
https://github.com/facebookresearch/demucs,git,1
https://github.com/lanpa/tensorboardX,git,1
https://pypi.org/project/w3lib/,pypi,0
https://gitlab.com/Odyseus/CinnamonTools.git,git,1
https://github.com/PaddlePaddle/PaddleHub,git,1
https://gitlab.com/mipl/docker-hub/python-images.git,git,0
https://pypi.org/project/SQLAlchemy/,pypi,1
https://github.com/xmendez/wfuzz,git,1
https://github.com/nvbn/thefuck,git,1
https://github.com/TheKingOfDuck/fuzzDicts,git,1
https://github.com/python-pillow/Pillow,git,1
https://github.com/dask/dask,git,1
https://github.com/jiangxufeng/v2rayL,git,1
https://gitlab.com/elixire/elixire.git,git,1
https://github.com/rtqichen/torchdiffeq,git,1
https://github.com/ubuntu/microk8s,git,1
https://pypi.org/project/pyaml/,pypi,1
https://github.com/pybrain/pybrain,git,0
deb://Debian/packages/gnumed-client,deb,1
https://github.com/apenwarr/sshuttle,git,0
https://gitlab.com/gnowledge/gstudio.git,git,0
deb://Debian/packages/bleachbit,deb,1
https://github.com/momosecurity/aswan,git,1
https://github.com/frida/frida,git,1
https://pypi.org/project/awscli/,pypi,1
https://pypi.org/project/wheel/,pypi,1
https://github.com/scipy/scipy,git,1
https://github.com/openai/universe,git,0
https://github.com/anishathalye/neural-style,git,1
deb://Debian/packages/diffoscope,deb,1
https://github.com/pwr-Solaar/Solaar,git,1
https://github.com/sherjilozair/char-rnn-tensorflow,git,0
https://pypi.org/project/umap-learn/,pypi,1
https://github.com/lukemelas/EfficientNet-PyTorch,git,1
https://github.com/kornia/kornia,git,1
https://github.com/jazzband/pip-tools,git,1
https://pypi.org/project/azure-mgmt-rdbms/,pypi,1
https://github.com/chainer/chainer,git,0
https://github.com/ajenti/ajenti,git,1
https://gitlab.com/dansanti/l10n_cl_fe.git,git,1
https://github.com/dbader/schedule,git,1
deb://Debian/packages/tryton-modules-production,deb,1
https://github.com/Dod-o/Statistical-Learning-Method_Code,git,1
https://github.com/burnash/gspread,git,1
https://github.com/facebookresearch/detr,git,1
https://github.com/LazoCoder/Pokemon-Terminal,git,1
https://github.com/dabeaz/curio,git,1
https://pypi.org/project/paramiko/,pypi,0
https://github.com/google-research/text-to-text-transfer-transformer,git,1
https://github.com/MycroftAI/mycroft-core,git,1
https://github.com/psf/requests,git,1
https://github.com/ActivityWatch/activitywatch,git,1
https://github.com/jisaacks/GitGutter,git,0
https://github.com/tartley/colorama,git,1
https://github.com/huashengdun/webssh,git,1
https://pypi.org/project/stevedore/,pypi,1
https://github.com/ray-project/ray,git,1
https://github.com/sloria/TextBlob,git,1
https://github.com/cupy/cupy,git,0
https://github.com/scikit-learn-contrib/imbalanced-learn,git,1
https://github.com/idealo/imagededup,git,1
deb://Debian/packages/itstool,deb,0
https://github.com/nyaadevs/nyaa,git,0
https://github.com/chubin/wttr.in,git,1
https://gitlab.com/lu-ci/sigma/apex-sigma.git,git,0
https://github.com/shadowsocksr-backup/shadowsocksr,git,0
https://pypi.org/project/s3fs/,pypi,1
https://github.com/spyder-ide/spyder,git,1
https://github.com/XX-net/XX-Net,git,1
https://github.com/simonw/datasette,git,1
https://github.com/ccrisan/motioneye,git,1
https://github.com/tortoise/tortoise-orm,git,1
https://gitlab.com/hgg/webpymail.git,git,1
https://pypi.org/project/PySocks/,pypi,0
deb://Debian/packages/python-hacking,deb,0
https://github.com/Shougo/deoplete.nvim,git,1
https://github.com/PyMySQL/PyMySQL,git,1
https://gitlab.com/Tmpod/aiohypixel.git,git,0
https://pypi.org/project/apache-airflow/,pypi,1
deb://Debian/packages/ipython,deb,1
https://github.com/EpistasisLab/tpot,git,1
https://github.com/dagster-io/dagster,git,1
deb://Debian/packages/python-elasticsearch,deb,1
https://github.com/prompt-toolkit/python-prompt-toolkit,git,1
https://gitlab.com/fumail/postomaat.git,git,0
https://github.com/a1studmuffin/SpaceshipGenerator,git,0
https://gitlab.com/localg-host/watchghost.git,git,1
https://pypi.org/project/nbformat/,pypi,1
https://github.com/Netflix/security_monkey,git,1
https://gitlab.com/weechat/weechat.git,git,1
https://github.com/instaloader/instaloader,git,0
https://github.com/NervanaSystems/neon,git,0
deb://Debian/packages/tryton-modules-account-dunning-letter,deb,1
https://github.com/tensorflow/models,git,1
https://github.com/Project-MONAI/MONAI,git,1
https://github.com/xinntao/ESRGAN,git,1
https://github.com/gelstudios/gitfiti,git,0
https://github.com/RocketMap/RocketMap,git,0
https://gitlab.com/edleh/pampi.git,git,0
https://pypi.org/project/Faker/,pypi,1
https://github.com/praw-dev/praw,git,1
https://github.com/laramies/theHarvester,git,0
https://pypi.org/project/kafka-python/,pypi,1
https://github.com/geekan/scrapy-examples,git,0
https://github.com/streamlink/streamlink,git,1
https://github.com/PaddlePaddle/Paddle,git,1
https://github.com/mininet/mininet,git,0
https://gitlab.com/cerfacs/batman.git,git,0
https://github.com/bndr/pipreqs,git,0
https://pypi.org/project/dask/,pypi,1
https://github.com/yuanxiaosc/DeepNude-an-Image-to-Image-technology,git,1
https://github.com/Nuitka/Nuitka,git,0
https://github.com/cyrus-and/gdb-dashboard,git,1
https://pypi.org/project/pandas-gbq/,pypi,1
https://pypi.org/project/netaddr/,pypi,0
https://pypi.org/project/asgiref/,pypi,1
https://pypi.org/project/colorlog/,pypi,1
https://pypi.org/project/dopamine-rl/,pypi,1
https://pypi.org/project/invoke/,pypi,1
https://github.com/2020PB/police-brutality,git,1
https://pypi.org/project/croniter/,pypi,1
https://pypi.org/project/setproctitle/,pypi,1
https://github.com/wistbean/learn_python3_spider,git,1
https://github.com/axi0mX/ipwndfu,git,0
deb://Debian/packages/python-oslo.config,deb,1
https://pypi.org/project/pylint/,pypi,1
https://pypi.org/project/azure-cosmos/,pypi,1
https://pypi.org/project/sphinxcontrib-applehelp/,pypi,1
https://pypi.org/project/xgboost/,pypi,1
https://github.com/xflux-gui/fluxgui,git,0
https://pypi.org/project/fsspec/,pypi,1
https://pypi.org/project/promise/,pypi,0
https://pypi.org/project/google-resumable-media/,pypi,1
https://pypi.org/project/trio/,pypi,1
https://pypi.org/project/patsy/,pypi,0
deb://Debian/packages/cython,deb,1
https://github.com/listen1/listen1,git,0
https://pypi.org/project/tomlkit/,pypi,1
https://github.com/jcjohnson/pytorch-examples,git,0
https://pypi.org/project/importlib-metadata/,pypi,1
deb://Debian/packages/python-novaclient,deb,1
https://pypi.org/project/deepdiff/,pypi,1
deb://Debian/packages/gajim,deb,1
https://pypi.org/project/CacheControl/,pypi,0
https://pypi.org/project/azure-kusto-ingest/,pypi,1
https://github.com/carykh/jumpcutter,git,0
https://pypi.org/project/pluggy/,pypi,1
deb://Debian/packages/python-pulp,deb,0
https://github.com/p-christ/Deep-Reinforcement-Learning-Algorithms-with-PyTorch,git,1
https://gitlab.com/pycqa/flake8-docstrings.git,git,0
https://pypi.org/project/redis/,pypi,1
deb://Debian/packages/python-cinderclient,deb,1
deb://Debian/packages/nfoview,deb,1
https://pypi.org/project/opt-einsum/,pypi,1
https://pypi.org/project/azure-mgmt-servicebus/,pypi,1
https://pypi.org/project/SQLAlchemy-JSONField/,pypi,0
https://gitlab.com/pyfml/prepare.git,git,0
https://pypi.org/project/moviepy/,pypi,1
https://pypi.org/project/cleo/,pypi,1
https://pypi.org/project/passlib/,pypi,1
deb://Debian/packages/tryton-client,deb,1
deb://Debian/packages/python-whiteboard,deb,1
https://pypi.org/project/azure-mgmt-containerregistry/,pypi,1
https://pypi.org/project/Pygments/,pypi,1
https://pypi.org/project/opencensus/,pypi,1
https://pypi.org/project/google-cloud-logging/,pypi,1
https://pypi.org/project/semantic-version/,pypi,1
deb://Debian/packages/frescobaldi,deb,1
https://pypi.org/project/mlxtend/,pypi,1
https://pypi.org/project/ifaddr/,pypi,1
https://pypi.org/project/apispec/,pypi,1
deb://Debian/packages/python-keyring,deb,1
https://github.com/spyoungtech/grequests,git,0
https://pypi.org/project/readme-renderer/,pypi,1
deb://Debian/packages/python-os-testr,deb,1
deb://Debian/packages/imvirt,deb,1
https://github.com/avinashpaliwal/Super-SloMo,git,0
deb://Debian/packages/tryton-modules-carrier,deb,1
https://github.com/JunMa11/SegLoss,git,1
https://pypi.org/project/cx-Oracle/,pypi,0
deb://Debian/packages/python-ironic-lib,deb,1
deb://Debian/packages/python-magnumclient,deb,1
deb://Debian/packages/tryton-modules-sale-supply-drop-shipment,deb,1
https://pypi.org/project/xmltodict/,pypi,0
deb://Debian/packages/heartbeat,deb,0
https://pypi.org/project/pyarrow/,pypi,1
https://pypi.org/project/azure-storage-blob/,pypi,1
https://pypi.org/project/mock/,pypi,1
deb://Debian/packages/tryton-modules-country,deb,1
deb://Debian/packages/python-virtualenv,deb,1
https://pypi.org/project/tifffile/,pypi,1
deb://Debian/packages/urlwatch,deb,1
https://pypi.org/project/reportlab/,pypi,1
https://pypi.org/project/bleach/,pypi,1
deb://Debian/packages/txt2tags,deb,0
deb://Debian/packages/python-xstatic-angular-gettext,deb,0
deb://Debian/packages/gnome-gmail,deb,0
https://pypi.org/project/docstring-parser/,pypi,1
deb://Debian/packages/pathological,deb,0
https://pypi.org/project/koalas/,pypi,1
https://github.com/beurtschipper/Depix,git,1
deb://Debian/packages/tryton-modules-stock-product-location,deb,1
https://github.com/google-research/arxiv-latex-cleaner,git,1
https://github.com/bbfamily/abu,git,0
deb://Debian/packages/ninix-aya,deb,0
https://pypi.org/project/portalocker/,pypi,0
https://pypi.org/project/uritemplate/,pypi,0
https://pypi.org/project/pyotp/,pypi,0
https://pypi.org/project/langdetect/,pypi,1
https://pypi.org/project/ipykernel/,pypi,1
https://pypi.org/project/transformers/,pypi,1
deb://Debian/packages/dh-python,deb,1
deb://Debian/packages/python-daemonize,deb,1
deb://Debian/packages/autopkgtest,deb,1
https://pypi.org/project/azure-mgmt-core/,pypi,1
https://pypi.org/project/kiwisolver/,pypi,1
https://pypi.org/project/ExifRead/,pypi,1
https://pypi.org/project/jdcal/,pypi,0
https://pypi.org/project/qtconsole/,pypi,0
https://pypi.org/project/certifi/,pypi,1
deb://Debian/packages/hplip,deb,1
https://gitlab.com/betse/benn.git,git,0
deb://Debian/packages/wapiti,deb,1
deb://Debian/packages/bzr,deb,0
https://github.com/NVIDIA/pix2pixHD,git,0
https://pypi.org/project/PyMySQL/,pypi,1
https://pypi.org/project/tensorflow-datasets/,pypi,1
https://github.com/NVlabs/stylegan2,git,1
https://pypi.org/project/Flask-Babel/,pypi,1
deb://Debian/packages/sabnzbdplus,deb,1
https://pypi.org/project/antlr4-python3-runtime/,pypi,1
deb://Debian/packages/postnews,deb,0
deb://Debian/packages/bdii,deb,0
deb://Debian/packages/duplicity,deb,1
deb://Debian/packages/bugz,deb,0
https://pypi.org/project/unicodecsv/,pypi,0
https://pypi.org/project/vine/,pypi,1
deb://Debian/packages/eog-plugins,deb,1
deb://Debian/packages/python-xstatic-jquery-ui,deb,0
https://github.com/codemayq/chinese_chatbot_corpus,git,0
deb://Debian/packages/tryton-modules-stock-supply-day,deb,1
https://pypi.org/project/partd/,pypi,0
https://pypi.org/project/fbprophet/,pypi,1
https://pypi.org/project/pydocstyle/,pypi,1
deb://Debian/packages/iotop,deb,1
deb://Debian/packages/tryton-modules-account-payment-clearing,deb,1
deb://Debian/packages/python-pyeclib,deb,1
deb://Debian/packages/ansible,deb,1
https://pypi.org/project/dateparser/,pypi,0
https://pypi.org/project/django-storages/,pypi,1
deb://Debian/packages/streamlink,deb,1
deb://Debian/packages/xkcdpass,deb,0
deb://Debian/packages/fail2ban,deb,1
https://pypi.org/project/azure-storage-common/,pypi,0
deb://Debian/packages/reportbug,deb,1
https://pypi.org/project/datalab/,pypi,1
https://github.com/rougier/matplotlib-cheatsheet,git,1
deb://Debian/packages/python-os-client-config,deb,1
deb://Debian/packages/twms,deb,1
deb://Debian/packages/python-openstackclient,deb,1
deb://Debian/packages/python-xstatic-spin,deb,0
deb://Debian/packages/python-falcon,deb,1
https://pypi.org/project/astor/,pypi,0
https://gitlab.com/divisadero/cloud-functions-python-emulator.git,git,0
deb://Debian/packages/python-ironic-inspector-client,deb,1
https://pypi.org/project/dataclasses/,pypi,1
https://gitlab.com/johnivore/gitstat.git,git,1
https://pypi.org/project/pycountry/,pypi,1
https://pypi.org/project/azure-mgmt-servicefabric/,pypi,1
deb://Debian/packages/python-html2text,deb,1
https://pypi.org/project/pytzdata/,pypi,1
deb://Debian/packages/python-geopandas,deb,1
deb://Debian/packages/tryton-modules-account-deposit,deb,1
deb://Debian/packages/sagemath,deb,1
https://pypi.org/project/korean-lunar-calendar/,pypi,1
deb://Debian/packages/python-keystoneclient,deb,1
https://pypi.org/project/MarkupSafe/,pypi,0
https://pypi.org/project/azure-mgmt-recoveryservices/,pypi,1
deb://Debian/packages/python-troveclient,deb,1
deb://Debian/packages/python-cogent,deb,1
deb://Debian/packages/python-xstatic-magic-search,deb,0
deb://Debian/packages/python-pbr,deb,1
deb://Debian/packages/mailman3,deb,0
https://pypi.org/project/ipaddress/,pypi,0
deb://Debian/packages/sugar-calculate-activity,deb,1
deb://Debian/packages/totalopenstation,deb,1
deb://Debian/packages/trac,deb,0
deb://Debian/packages/jupyter-console,deb,1
https://pypi.org/project/ddlparse/,pypi,1
deb://Debian/packages/pgloader,deb,1
deb://Debian/packages/bzr-stats,deb,0
deb://Debian/packages/python-yaql,deb,0
deb://Debian/packages/python-jsonpath-rw-ext,deb,0
deb://Debian/packages/python-os-win,deb,1
deb://Debian/packages/python-oslo.serialization,deb,1
https://pypi.org/project/defusedxml/,pypi,1
https://pypi.org/project/slicer/,pypi,1
deb://Debian/packages/python-aalib,deb,0
https://pypi.org/project/pydot/,pypi,0
deb://Debian/packages/python-oauth,deb,0
https://pypi.org/project/orderedmultidict/,pypi,0
deb://Debian/packages/tryton-modules-product-measurements,deb,1
deb://Debian/packages/virt-top,deb,0
deb://Debian/packages/kupfer,deb,1
deb://Debian/packages/python-automaton,deb,1
deb://Debian/packages/tryton-modules-stock-forecast,deb,1
deb://Debian/packages/clipf,deb,0
https://pypi.org/project/jeepney/,pypi,1
deb://Debian/packages/tryton-modules-commission,deb,1
deb://Debian/packages/python-stringtemplate3,deb,0
deb://Debian/packages/python-pyvmomi,deb,0
https://pypi.org/project/incremental/,pypi,0
https://pypi.org/project/wsproto/,pypi,1
deb://Debian/packages/user-mode-linux-doc,deb,0
deb://Debian/packages/python-pager,deb,0
deb://Debian/packages/tryton-modules-party-relationship,deb,1
deb://Debian/packages/jython,deb,1
deb://Debian/packages/isenkram,deb,1
deb://Debian/packages/tryton-modules-analytic-invoice,deb,1
https://pypi.org/project/dnspython/,pypi,1
deb://Debian/packages/cura,deb,1
https://pypi.org/project/Flask-Bootstrap4/,pypi,0
deb://Debian/packages/tryton-modules-account-statement,deb,1
deb://Debian/packages/linkchecker,deb,0
deb://Debian/packages/jcc,deb,1
deb://Debian/packages/tryton-modules-account-stock-landed-cost,deb,1
deb://Debian/packages/gdebi,deb,0
deb://Debian/packages/python-bottle,deb,1
https://pypi.org/project/text-unidecode/,pypi,0
deb://Debian/packages/python-tablib,deb,0
https://pypi.org/project/azure-storage/,pypi,1
https://pypi.org/project/pygsheets/,pypi,1
deb://Debian/packages/tryton-modules-sale-shipment-cost,deb,1
deb://Debian/packages/tryton-modules-account-tax-rule-country,deb,1
deb://Debian/packages/python-os-collect-config,deb,1
deb://Debian/packages/tryton-modules-stock-package,deb,1
https://pypi.org/project/monotonic/,pypi,0
https://pypi.org/project/gitdb2/,pypi,1
https://gitlab.com/maxlefou/renpyxml.git,git,0
https://pypi.org/project/lockfile/,pypi,0
deb://Debian/packages/tryton-modules-timesheet-cost,deb,1
https://pypi.org/project/entrypoints/,pypi,0
deb://Debian/packages/pysatellites,deb,0
deb://Debian/packages/bup,deb,1
https://pypi.org/project/jinja2-time/,pypi,0
deb://Debian/packages/atftp,deb,0
https://pypi.org/project/pydotplus/,pypi,0
deb://Debian/packages/deheader,deb,1
https://pypi.org/project/azure-mgmt-iothubprovisioningservices/,pypi,0
deb://Debian/packages/python-frozendict,deb,0
https://pypi.org/project/contextvars/,pypi,0
https://pypi.org/project/azure-mgmt-managementpartner/,pypi,0
deb://Debian/packages/stgit,deb,0
deb://Debian/packages/python-ddt,deb,1
deb://Debian/packages/python-xstatic-jquery.tablesorter,deb,0
deb://Debian/packages/python-twitter,deb,0
deb://Debian/packages/python-pylxd,deb,0
deb://Debian/packages/python-pycadf,deb,1
deb://Debian/packages/python-pymemcache,deb,1
deb://Debian/packages/smem,deb,1
deb://Debian/packages/python-xstatic-hogan,deb,0
deb://Debian/packages/yorick-cubeview,deb,0
https://github.com/cea-sec/miasm,git,1
https://pypi.org/project/sentry-sdk/,pypi,1
https://github.com/pallets/flask-sqlalchemy,git,1
https://github.com/Kr1s77/Python-crawler-tutorial-starts-from-zero,git,0
https://github.com/programthink/zhao,git,0
https://github.com/HIPS/autograd,git,0
https://gitlab.com/pycqa/pylint.git,git,0
https://github.com/mementum/backtrader,git,1
https://github.com/ShangtongZhang/DeepRL,git,1
https://github.com/MorvanZhou/tutorials,git,0
https://github.com/localstack/localstack,git,0
https://github.com/libratbag/piper,git,1
https://github.com/heartexlabs/label-studio,git,1
https://github.com/tensorflow/nmt,git,0
https://github.com/zzw922cn/Automatic_Speech_Recognition,git,1
https://github.com/sebastianruder/NLP-progress,git,1
https://github.com/satwikkansal/wtfpython,git,1
https://github.com/MorvanZhou/Reinforcement-learning-with-tensorflow,git,1
https://github.com/sherlock-project/sherlock,git,1
deb://Debian/packages/asciidoc,deb,1
https://pypi.org/project/gunicorn/,pypi,0
https://pypi.org/project/plotly/,pypi,1
https://pypi.org/project/Keras-Applications/,pypi,0
https://github.com/matplotlib/matplotlib,git,1
https://github.com/aaugustin/websockets,git,1
https://github.com/readthedocs/readthedocs.org,git,1
https://github.com/corpnewt/gibMacOS,git,1
https://github.com/yzhao062/anomaly-detection-resources,git,1
https://github.com/josephmisiti/awesome-machine-learning,git,1
https://pypi.org/project/typeguard/,pypi,1
https://pypi.org/project/pycryptodomex/,pypi,1
https://github.com/matrix-org/synapse,git,1
https://github.com/jopohl/urh,git,1
https://github.com/marshmallow-code/marshmallow,git,1
https://github.com/0xHJK/music-dl,git,1
https://github.com/NVlabs/SPADE,git,0
https://github.com/cemoody/lda2vec,git,0
https://github.com/LonamiWebs/Telethon,git,1
https://gitlab.com/surfsara/sali.git,git,0
https://gitlab.com/parclytaxel/Kinross.git,git,0
https://github.com/mkaz/termgraph,git,0
https://pypi.org/project/python-swiftclient/,pypi,1
https://github.com/tqdm/tqdm,git,1
https://pypi.org/project/pexpect/,pypi,1
https://pypi.org/project/numexpr/,pypi,1
https://github.com/QUANTAXIS/QUANTAXIS,git,0
https://github.com/brython-dev/brython,git,1
https://github.com/jorgebastida/awslogs,git,1
https://github.com/openai/spinningup,git,1
https://github.com/avinassh/rockstar,git,0
https://pypi.org/project/boto/,pypi,0
https://github.com/boto/boto3,git,1
https://github.com/pyeve/eve,git,0
https://github.com/ktbyers/netmiko,git,1
https://github.com/eriklindernoren/ML-From-Scratch,git,0
https://github.com/espressif/esptool,git,0
https://gitlab.com/edleh/pylote.git,git,1
https://pypi.org/project/botocore/,pypi,1
deb://Debian/packages/picard,deb,1
https://pypi.org/project/azure-mgmt-network/,pypi,1
https://github.com/amoffat/sh,git,0
https://github.com/ZiniuLu/Python-100-Days,git,0
https://github.com/tiangolo/typer,git,1
deb://Debian/packages/rasterio,deb,1
deb://Debian/packages/piuparts,deb,1
https://pypi.org/project/python-dotenv/,pypi,1
https://github.com/openimages/dataset,git,0
https://github.com/shidenggui/easytrader,git,1
https://github.com/Asabeneh/30-Days-Of-Python,git,1
deb://Debian/packages/nvidia-cg-toolkit,deb,0
https://pypi.org/project/jira/,pypi,0
https://github.com/numba/numba,git,1
https://github.com/bup/bup,git,1
https://github.com/chubin/cheat.sh,git,1
https://gitlab.com/Simpom/tare.git,git,1
https://pypi.org/project/voluptuous/,pypi,1
https://pypi.org/project/shortuuid/,pypi,1
https://github.com/tgalal/yowsup,git,0
deb://Debian/packages/comitup,deb,1
https://gitlab.com/free-astro/sirilic.git,git,1
https://pypi.org/project/PyGithub/,pypi,1
https://github.com/vipstone/faceai,git,0
https://gitlab.com/mmandrille/organigrama.git,git,1
https://github.com/naturomics/CapsNet-Tensorflow,git,0
https://github.com/0voice/interview_internal_reference,git,1
https://github.com/mwaskom/seaborn,git,1
https://github.com/keon/algorithms,git,0
https://github.com/Yorko/mlcourse.ai,git,1
https://gitlab.com/spack/spack.git,git,0
https://pypi.org/project/google-cloud-error-reporting/,pypi,0
deb://Debian/packages/glance,deb,1
https://github.com/cloud-custodian/cloud-custodian,git,1
https://pypi.org/project/opentelemetry-api/,pypi,1
https://github.com/pytorch/examples,git,1
https://pypi.org/project/moto/,pypi,1
https://github.com/lucidrains/stylegan2-pytorch,git,1
https://github.com/felixonmars/dnsmasq-china-list,git,0
deb://Debian/packages/qemu,deb,1
https://github.com/kangvcar/InfoSpider,git,1
https://pypi.org/project/prompt-toolkit/,pypi,1
https://github.com/joerick/pyinstrument,git,0
https://pypi.org/project/cmake/,pypi,1
https://pypi.org/project/google-auth/,pypi,1
https://github.com/deanishe/alfred-workflow,git,0
https://github.com/quantopian/qgrid,git,1
https://gitlab.com/mezantrop/svcstats.py.git,git,0
https://github.com/asciinema/asciinema,git,0
https://github.com/vispy/vispy,git,1
https://github.com/timesler/facenet-pytorch,git,1
https://github.com/biopython/biopython,git,1
https://github.com/NVIDIA/apex,git,1
https://gitlab.com/betse/betse.git,git,1
https://pypi.org/project/Flask-Login/,pypi,1
https://github.com/PokeAPI/pokeapi,git,1
deb://Debian/packages/python-neutron-lib,deb,1
https://github.com/wbt5/real-url,git,1
deb://Debian/packages/gramps,deb,1
https://github.com/aosp-mirror/platform_development,git,1
https://github.com/nicolargo/glances,git,1
https://gitlab.com/kabaretstudio/kabaret.git,git,0
deb://Debian/packages/python-mpd,deb,1
https://gitlab.com/mayan-edms/mayan-edms.git,git,1
https://github.com/spesmilo/electrum,git,1
https://github.com/django-extensions/django-extensions,git,1
https://pypi.org/project/Pillow/,pypi,1
https://pypi.org/project/humanfriendly/,pypi,1
https://pypi.org/project/azure-mgmt-resource/,pypi,1
https://pypi.org/project/dash/,pypi,1
https://github.com/lauris/awesome-scala,git,1
https://github.com/hylang/hy,git,1
https://github.com/crazyguitar/pysheeet,git,1
https://github.com/Jrohy/multi-v2ray,git,1
https://github.com/easy-tensorflow/easy-tensorflow,git,0
https://pypi.org/project/django-extensions/,pypi,1
https://github.com/Kinto/kinto,git,1
https://github.com/rwv/chinese-dos-games,git,0
https://github.com/ReactiveX/RxPY,git,1
https://pypi.org/project/ddtrace/,pypi,1
https://github.com/google/nogotofail,git,1
https://pypi.org/project/jupyterlab/,pypi,1
https://pypi.org/project/nest-asyncio/,pypi,1
https://github.com/rafaelpadilla/Object-Detection-Metrics,git,1
https://gitlab.com/benStre/game.py.git,git,0
https://pypi.org/project/PyYAML/,pypi,1
https://github.com/mailpile/Mailpile,git,0
https://github.com/donnemartin/awesome-aws,git,1
https://gitlab.com/DukeValentine/nhentai-downloader.git,git,0
https://github.com/brennerm/PyTricks,git,0
https://pypi.org/project/scandir/,pypi,0
https://pypi.org/project/srsly/,pypi,1
https://pypi.org/project/vcrpy/,pypi,1
https://github.com/smicallef/spiderfoot,git,1
https://github.com/OlafenwaMoses/ImageAI,git,1
https://gitlab.com/pycqa/redbaron.git,git,0
https://github.com/omab/django-social-auth,git,0
https://gitlab.com/inkscape/extensions.git,git,1
https://github.com/bigchaindb/bigchaindb,git,1
https://github.com/drduh/macOS-Security-and-Privacy-Guide,git,1
https://github.com/kkroening/ffmpeg-python,git,0
https://github.com/linkedin/qark,git,1
https://github.com/reinderien/mimic,git,0
deb://Debian/packages/pyflakes,deb,1
https://github.com/trustedsec/social-engineer-toolkit,git,1
https://pypi.org/project/requests/,pypi,1
https://github.com/samuelcolvin/pydantic,git,1
https://github.com/bregman-arie/devops-exercises,git,1
https://github.com/scrapy-plugins/scrapy-splash,git,0
https://github.com/hyperopt/hyperopt,git,1
https://github.com/dbolya/yolact,git,1
https://pypi.org/project/zope.interface/,pypi,1
https://pypi.org/project/configobj/,pypi,0
https://github.com/scrapinghub/portia,git,0
https://github.com/chrissimpkins/codeface,git,1
deb://Debian/packages/gourmet,deb,1
https://github.com/google/enjarify,git,0
https://pypi.org/project/Shapely/,pypi,1
deb://Debian/packages/git-big-picture,deb,1
deb://Debian/packages/python-eventlet,deb,1
https://pypi.org/project/google-cloud-bigtable/,pypi,1
https://pypi.org/project/azure-mgmt-logic/,pypi,1
https://github.com/google/gif-for-cli,git,0
https://github.com/victoresque/pytorch-template,git,0
https://github.com/miguelgrinberg/microblog,git,1
https://pypi.org/project/PyGObject/,pypi,1
https://pypi.org/project/opentracing/,pypi,1
https://github.com/ryankiros/neural-storyteller,git,0
https://pypi.org/project/fuzzywuzzy/,pypi,1
https://pypi.org/project/responses/,pypi,1
https://pypi.org/project/hpack/,pypi,1
https://pypi.org/project/pymssql/,pypi,0
https://pypi.org/project/prometheus-flask-exporter/,pypi,1
https://pypi.org/project/ujson/,pypi,1
deb://Debian/packages/python-gammu,deb,1
deb://Debian/packages/fastaq,deb,1
https://pypi.org/project/httpcore/,pypi,1
https://github.com/ageitgey/face_recognition,git,1
deb://Debian/packages/aptfs,deb,0
deb://Debian/packages/tryton-modules-account-invoice-history,deb,1
https://pypi.org/project/azure-kusto-data/,pypi,1
https://gitlab.com/dalum/slakos.git,git,0
deb://Debian/packages/python-boto,deb,1
https://pypi.org/project/Flask-Caching/,pypi,1
https://gitlab.com/tobimiller/mascor_px4_control.git,git,1
https://pypi.org/project/uvloop/,pypi,0
deb://Debian/packages/python-pysnmp4,deb,1
https://pypi.org/project/starkbank-ecdsa/,pypi,1
https://pypi.org/project/tornado/,pypi,0
https://pypi.org/project/IMDbPY/,pypi,1
https://pypi.org/project/boltons/,pypi,1
https://pypi.org/project/msal/,pypi,1
https://pypi.org/project/google-cloud/,pypi,0
https://pypi.org/project/oslo.config/,pypi,1
deb://Debian/packages/jupyter-notebook,deb,1
https://pypi.org/project/mozlog/,pypi,1
https://pypi.org/project/outcome/,pypi,1
https://github.com/yosinski/deep-visualization-toolbox,git,0
deb://Debian/packages/python-extras,deb,0
https://pypi.org/project/billiard/,pypi,1
deb://Debian/packages/lazygal,deb,1
https://pypi.org/project/multiprocess/,pypi,1
https://pypi.org/project/onnx/,pypi,1
https://pypi.org/project/coloredlogs/,pypi,1
deb://Debian/packages/python-diff-match-patch,deb,1
https://pypi.org/project/pycparser/,pypi,1
https://github.com/JiahuiYu/generative_inpainting,git,0
deb://Debian/packages/krank,deb,0
deb://Debian/packages/bomstrip,deb,1
https://pypi.org/project/websocket-client/,pypi,0
deb://Debian/packages/ibus-anthy,deb,0
https://pypi.org/project/sqlalchemy-redshift/,pypi,1
https://github.com/seemoo-lab/opendrop,git,1
https://pypi.org/project/alembic/,pypi,1
https://pypi.org/project/pymongo/,pypi,1
https://gitlab.com/diegogangl/IOR_reference.git,git,0
https://pypi.org/project/jupyter-server/,pypi,1
https://pypi.org/project/typer/,pypi,1
https://pypi.org/project/google-api-core/,pypi,1
https://pypi.org/project/packaging/,pypi,1
https://pypi.org/project/azure-graphrbac/,pypi,0
https://pypi.org/project/aiodns/,pypi,0
deb://Debian/packages/swift,deb,1
deb://Debian/packages/radicale,deb,1
https://pypi.org/project/spacy/,pypi,1
https://pypi.org/project/anyio/,pypi,1
deb://Debian/packages/meld,deb,1
https://pypi.org/project/requests-oauthlib/,pypi,0
https://pypi.org/project/azure-mgmt-datafactory/,pypi,1
https://pypi.org/project/cmdstanpy/,pypi,1
https://pypi.org/project/HeapDict/,pypi,0
deb://Debian/packages/tryton-modules-sale-credit-limit,deb,1
https://pypi.org/project/flake8/,pypi,1
deb://Debian/packages/ranger,deb,1
deb://Debian/packages/accerciser,deb,1
https://pypi.org/project/PyJWT/,pypi,1
https://github.com/jaungiers/LSTM-Neural-Network-for-Time-Series-Prediction,git,0
https://pypi.org/project/llvmlite/,pypi,1
deb://Debian/packages/python-xstatic-angular-bootstrap,deb,0
deb://Debian/packages/tryton-modules-product-price-list,deb,1
https://pypi.org/project/plac/,pypi,1
https://pypi.org/project/backoff/,pypi,0
https://pypi.org/project/azure-mgmt-nspkg/,pypi,0
https://pypi.org/project/stringcase/,pypi,0
https://pypi.org/project/pathspec/,pypi,1
https://pypi.org/project/poetry-core/,pypi,1
https://github.com/anishathalye/git-remote-dropbox,git,1
deb://Debian/packages/arandr,deb,1
https://pypi.org/project/ipython_genutils/,pypi,0
https://github.com/kstenerud/iOS-Universal-Framework,git,0
https://pypi.org/project/CurrencyConverter/,pypi,1
deb://Debian/packages/python-roman,deb,1
deb://Debian/packages/sagetex,deb,1
https://pypi.org/project/SecretStorage/,pypi,1
https://pypi.org/project/azure-mgmt-media/,pypi,1
https://pypi.org/project/lazy-object-proxy/,pypi,1
https://gitlab.com/elegy0101/tutorial---blog-chido-con-django.git,git,0
deb://Debian/packages/python3-proselint,deb,1
deb://Debian/packages/game-data-packager,deb,1
deb://Debian/packages/goldeneye,deb,0
deb://Debian/packages/imediff2,deb,0
deb://Debian/packages/tryton-modules-account-de-skr03,deb,1
https://pypi.org/project/urllib3/,pypi,1
deb://Debian/packages/python-txaio,deb,1
https://pypi.org/project/geoip2/,pypi,1
https://pypi.org/project/jedi/,pypi,1
https://github.com/facebookarchive/huxley,git,0
deb://Debian/packages/dput,deb,0
https://github.com/ecthros/uncaptcha,git,0
deb://Debian/packages/matrix-synapse,deb,1
deb://Debian/packages/python-diskimage-builder,deb,1
https://pypi.org/project/pycares/,pypi,1
deb://Debian/packages/python-sysv-ipc,deb,0
https://pypi.org/project/Babel/,pypi,1
https://pypi.org/project/gcsfs/,pypi,0
deb://Debian/packages/user-mode-linux,deb,1
deb://Debian/packages/s3cmd,deb,1
https://pypi.org/project/tld/,pypi,1
deb://Debian/packages/python-whoosh,deb,1
https://pypi.org/project/aioitertools/,pypi,1
https://pypi.org/project/opentelemetry-sdk/,pypi,1
https://gitlab.com/crunching-data/learn-by-example.git,git,0
https://pypi.org/project/azure-mgmt-monitor/,pypi,1
https://pypi.org/project/pynndescent/,pypi,1
https://pypi.org/project/azure-batch/,pypi,1
https://gitlab.com/pages/hyde.git,git,0
https://pypi.org/project/azure-mgmt-eventhub/,pypi,0
https://pypi.org/project/subprocess32/,pypi,0
deb://Debian/packages/python-csb,deb,0
deb://Debian/packages/python-mechanize,deb,1
deb://Debian/packages/tryton-modules-carrier-weight,deb,1
https://pypi.org/project/strict-rfc3339/,pypi,0
deb://Debian/packages/spades,deb,0
deb://Debian/packages/mandos,deb,1
deb://Debian/packages/mat2,deb,1
https://pypi.org/project/python-louvain/,pypi,1
https://pypi.org/project/adal/,pypi,0
https://pypi.org/project/confluent-kafka/,pypi,1
https://pypi.org/project/grpc-google-iam-v1/,pypi,0
deb://Debian/packages/python-mongoengine,deb,1
deb://Debian/packages/python-descartes,deb,1
https://github.com/xingyizhou/CenterNet,git,1
https://pypi.org/project/isodate/,pypi,0
https://pypi.org/project/blessings/,pypi,0
deb://Debian/packages/convertall,deb,1
https://pypi.org/project/requests-mock/,pypi,1
https://pypi.org/project/opencv-python-headless/,pypi,1
deb://Debian/packages/rubber,deb,1
https://pypi.org/project/oscrypto/,pypi,1
https://pypi.org/project/py/,pypi,1
https://pypi.org/project/backports.tempfile/,pypi,0
deb://Debian/packages/python-xstatic-mdi,deb,1
deb://Debian/packages/python-traceback2,deb,0
deb://Debian/packages/ganyremote,deb,0
deb://Debian/packages/onionshare,deb,1
deb://Debian/packages/python-oauth2client,deb,1
https://pypi.org/project/backports.weakref/,pypi,0
https://pypi.org/project/pathlib/,pypi,0
https://pypi.org/project/humanize/,pypi,1
https://pypi.org/project/nbclassic/,pypi,1
https://pypi.org/project/trio-websocket/,pypi,1
https://gitlab.com/yaal/readonlystorage.git,git,0
https://gitlab.com/corbolais/open-av4ms.git,git,0
deb://Debian/packages/tryton-modules-account-fr,deb,1
deb://Debian/packages/python-ldappool,deb,0
deb://Debian/packages/python-debian,deb,1
https://github.com/pwxcoo/chinese-xinhua,git,0
https://pypi.org/project/bcrypt/,pypi,0
deb://Debian/packages/supervisor,deb,1
deb://Debian/packages/catfish,deb,1
https://gitlab.com/betamax/semaphoreci.git,git,0
deb://Debian/packages/piper,deb,1
https://pypi.org/project/email-validator/,pypi,1
https://pypi.org/project/sniffio/,pypi,1
https://pypi.org/project/requests-file/,pypi,1
https://pypi.org/project/pyRFC3339/,pypi,0
deb://Debian/packages/iva,deb,1
https://pypi.org/project/testpath/,pypi,0
deb://Debian/packages/python-pecan,deb,0
https://pypi.org/project/gorilla/,pypi,0
deb://Debian/packages/playonlinux,deb,1
deb://Debian/packages/mnemosyne,deb,1
https://pypi.org/project/docopt/,pypi,0
deb://Debian/packages/python-designateclient,deb,1
https://pypi.org/project/azure-mgmt-loganalytics/,pypi,1
deb://Debian/packages/tryton-modules-google-maps,deb,1
https://pypi.org/project/ciso8601/,pypi,1
https://pypi.org/project/scp/,pypi,0
deb://Debian/packages/mopidy,deb,1
deb://Debian/packages/klaus,deb,1
https://pypi.org/project/azure-mgmt-dns/,pypi,0
https://pypi.org/project/pycurl/,pypi,1
deb://Debian/packages/virt-manager,deb,1
deb://Debian/packages/libuser,deb,1
https://pypi.org/project/proglog/,pypi,0
deb://Debian/packages/python-xstatic-angular,deb,0
https://pypi.org/project/sqlparse/,pypi,1
deb://Debian/packages/python-kafka,deb,1
https://pypi.org/project/uWSGI/,pypi,0
deb://Debian/packages/tryton-modules-dashboard,deb,1
deb://Debian/packages/mirage,deb,1
deb://Debian/packages/xdelta3,deb,0
deb://Debian/packages/python-mapnik,deb,1
deb://Debian/packages/python-logutils,deb,0
https://pypi.org/project/nbclient/,pypi,1
deb://Debian/packages/ntpsec,deb,0
deb://Debian/packages/python-jsonpath-rw,deb,0
deb://Debian/packages/shoogle,deb,1
deb://Debian/packages/gcalcli,deb,1
deb://Debian/packages/tryton-modules-commission-waiting,deb,1
deb://Debian/packages/python-pyghmi,deb,1
deb://Debian/packages/tryton-modules-sale-invoice-grouping,deb,1
deb://Debian/packages/puddletag,deb,1
deb://Debian/packages/python-django-compressor,deb,1
deb://Debian/packages/relational,deb,1
deb://Debian/packages/apt-xapian-index,deb,1
deb://Debian/packages/python-fixtures,deb,1
https://pypi.org/project/requests_ntlm/,pypi,0
deb://Debian/packages/python-pypump,deb,1
deb://Debian/packages/python-xstatic-jasmine,deb,0
https://gitlab.com/lamhoangtung/Data-Science-with-Python-Course-1.git,git,0
deb://Debian/packages/ibus-hangul,deb,1
https://pypi.org/project/google-cloud-secret-manager/,pypi,1
deb://Debian/packages/tryton-modules-sale-supply,deb,1
deb://Debian/packages/python-nosehtmloutput,deb,0
deb://Debian/packages/tryton-modules-sale-complaint,deb,1
https://pypi.org/project/mypy-extensions/,pypi,0
deb://Debian/packages/python-neutronclient,deb,1
deb://Debian/packages/python-xstatic-d3,deb,0
deb://Debian/packages/autorenamer,deb,0
deb://Debian/packages/python-hurry.filesize,deb,0
https://pypi.org/project/azure-storage-nspkg/,pypi,0
deb://Debian/packages/python-debianbts,deb,0
deb://Debian/packages/bzr-builddeb,deb,0
https://pypi.org/project/crashtest/,pypi,1
deb://Debian/packages/python-fitbit,deb,0
deb://Debian/packages/gcp,deb,1
deb://Debian/packages/pagekite,deb,1
https://pypi.org/project/casttube/,pypi,1
deb://Debian/packages/scolasync,deb,1
deb://Debian/packages/python-click-plugins,deb,1
deb://Debian/packages/pyzor,deb,0
deb://Debian/packages/python-multi-key-dict,deb,0
https://pypi.org/project/azure-mgmt-batchai/,pypi,0
deb://Debian/packages/bzr-upload,deb,0
https://pypi.org/project/azure-cli-telemetry/,pypi,0
deb://Debian/packages/gjots2,deb,0
https://pypi.org/project/google-auth-httplib2/,pypi,1
deb://Debian/packages/python-reno,deb,0
deb://Debian/packages/python-nose-exclude,deb,0
deb://Debian/packages/vmware-manager,deb,1
deb://Debian/packages/gnome-mousetrap,deb,1
deb://Debian/packages/python-dcos,deb,0
https://pypi.org/project/sphinxcontrib-devhelp/,pypi,0
deb://Debian/packages/python-rednose,deb,0
